stop_id,quantidade_ocorrencias,stop_lat,stop_lon
5149O00230C0,18,-22.9151,-43.68275
5o6j,15,-22.906503,-43.17581
3039O00006C0,15,-22.880673,-43.238808
3039O00021C0,15,-22.88557,-43.23452
3039O00005C0,15,-22.884006,-43.235933
3157O00003C0,15,-22.877531,-43.240994
1004O00006C0,14,-22.88546,-43.22908
5134O00023C0,14,-22.85069,-43.38404
1004O00005C0,14,-22.88464,-43.2265
5144O00519C0,14,-22.90154,-43.55726
ejlo,14,-22.89211,-43.214487
5149O00234C0,14,-22.93561,-43.65622
3hb8,14,-22.853947,-43.384101
1005O00219C0,14,-22.912419,-43.174325
1004O00003C0,14,-22.8886,-43.22001
56qn,14,-22.903383,-43.209714
3106O00048C1,13,-22.841234,-43.371505
3106O00001C0,13,-22.83941,-43.36856
1161O00028C0,13,-22.91401,-43.1771
3157O00006C0,13,-22.86092,-43.2475
3157O00005C2,13,-22.864536,-43.247635
5144O00486P9,13,-22.9016,-43.55535
3157O00007C0,13,-22.85692,-43.24747
1005O00189C0,13,-22.90843,-43.17465
3157O00009C0,13,-22.851669,-43.247233
3157O00008C0,13,-22.853761,-43.247339
3157O00020C9,13,-22.87532,-43.242603
1003O00028C0,13,-22.907146,-43.209478
3110O00006C1,13,-22.831184,-43.352072
3110O00052C0,13,-22.833444,-43.357947
3110O00003C1,13,-22.832236,-43.354663
3112O00002C1,13,-22.8366,-43.363926
1005O00190C0,13,-22.909323,-43.174306
3106O00006C0,13,-22.84272,-43.37389
6oes,12,-22.887372,-43.223594
5141O00001C9,11,-22.859704,-43.457426
5149O00030C9,11,-22.91419,-43.68007
5135O00001C9,11,-22.85307,-43.393978
1161O00021S0,11,-22.91241,-43.18541
5139O00008C9,11,-22.86207,-43.44451
1005O00012S0,11,-22.905624,-43.193575
5149O00221C9,11,-22.92036,-43.67992
1161O00020S0,11,-22.912949,-43.182542
5134O00002C0,11,-22.847904,-43.382307
1008O00030S0,11,-22.909665,-43.206426
3106O00009C1,11,-22.84578,-43.37888
1005O00248C0,11,-22.91073,-43.188238
5140O00080C9,11,-22.860843,-43.451217
3106O00007C1,11,-22.84398,-43.37593
3106O00008C0,11,-22.8444,-43.37664
5140O00079C9,11,-22.861314,-43.44854
5149O00223C9,11,-22.91665,-43.6798
5149O00222C9,11,-22.919,-43.68013
3157O00012C0,10,-22.83988,-43.25343
3044O00001C2,10,-22.82591,-43.27531
3043O00008C0,10,-22.83359,-43.2637
3047O00003C0,10,-22.814249,-43.293647
3046O00002C0,10,-22.815273,-43.289663
3043O00005C0,10,-22.834471,-43.262022
3063O00007C2,10,-22.82991,-43.27026
3047O00004C0,10,-22.8142,-43.29637
3044O00003C2,10,-22.81992,-43.28304
5134O00003C0,10,-22.85086,-43.38424
1005O00129P0,10,-22.904565,-43.191892
5135O00002C0,10,-22.8621,-43.41192
3076O00026C9,10,-22.82455,-43.3324
3043O00004C0,10,-22.83677,-43.25775
3044O00002C2,10,-22.821798,-43.280654
2031O00018C0,10,-22.992183,-43.253819
5144O00046C0,10,-22.89938,-43.55485
3157O00011C0,10,-22.84303,-43.25054
3157O00010C0,10,-22.846774,-43.247407
5139O00205C9,10,-22.862677,-43.441036
5140O00073C0,9,-22.861062,-43.451848
5141O00004C9,9,-22.85681,-43.49683
5141O00005C9,9,-22.85867,-43.502831
3076O00007C0,9,-22.82216,-43.32669
5139O00204C9,9,-22.86538,-43.425586
5139O00231C0,9,-22.864042,-43.435499
5139O00232C9,9,-22.864645,-43.43201
5139O00233C0,9,-22.866032,-43.425502
5139O00235C9,9,-22.86227,-43.44518
3048O00007C0,9,-22.81709,-43.30699
1008O00026S0,9,-22.9075,-43.19952
3048O00009C0,9,-22.8192,-43.31062
3048O00010C0,9,-22.81962,-43.31448
3076O00126C0,9,-22.82325,-43.32839
3076O00094C0,9,-22.823581,-43.331092
5144O00422C9,9,-22.8602,-43.5215
5144O00423C9,9,-22.862029,-43.556502
5140O00008C0,9,-22.861664,-43.448712
5139O00003C9,9,-22.86502,-43.42724
5139O00004C9,9,-22.864184,-43.432799
5139O00006C9,9,-22.8634,-43.43716
5141O00026C9,9,-22.860023,-43.457794
5141O00025C0,9,-22.859405,-43.46113
3076O00009C0,9,-22.82463,-43.33424
4128O00091C0,9,-22.99971,-43.35033
4128O00086C0,9,-23.000258,-43.333797
5144O00022C9,9,-22.86029,-43.51662
5144O00024C9,9,-22.8608,-43.53325
5144O00025C9,9,-22.86144,-43.54565
5162O00001C9,9,-22.85523,-43.48228
2031O00013C0,9,-22.99468,-43.25777
5149O00193C9,9,-22.91523,-43.68527
5149O00219C9,9,-22.93586,-43.65477
3076O00006C0,9,-22.82135,-43.32419
5149O00190C9,9,-22.93382,-43.654334
5135O00013C0,9,-22.853299,-43.393713
5135O00012C9,9,-22.861795,-43.41057
5149O00220C9,9,-22.93221,-43.65516
5144O00026C9,9,-22.861709,-43.550874
5144O00027C9,9,-22.861888,-43.553994
4128O00085C0,9,-23.00054,-43.33026
5162O00007C9,9,-22.85476,-43.49044
5162O00003C9,9,-22.8553,-43.49289
4128O00087C0,9,-22.99995,-43.33863
3111O00002C0,9,-22.826264,-43.338943
4128O00089C0,9,-22.999832,-43.343872
4128O00090C0,9,-22.999791,-43.346258
5162O00002C9,9,-22.854785,-43.487522
5141O00255C9,9,-22.860431,-43.513455
5141O00254C9,9,-22.8568,-43.47218
5141O00213C9,9,-22.85738,-43.46871
5139O00230C0,9,-22.86376,-43.43729
5139O00002C9,9,-22.865192,-43.422267
5134O00038C9,8,-22.84688,-43.37968
3106O00013C9,8,-22.84486,-43.37643
zxpw,8,-22.828577,-43.344666
3106O00011C9,8,-22.84171,-43.37129
3106O00045C2,8,-22.8431,-43.37356
1010O00047C0,8,-22.8904,-43.21891
3110O00004C0,8,-22.831512,-43.347712
3047O00037C0,8,-22.81945,-43.30981
5144O00481C9,8,-22.86131,-43.5478
1010O00130C1,8,-22.900021,-43.211165
1008O00005S0,8,-22.908619,-43.201048
5139O00234C0,8,-22.863269,-43.439895
5149O00122C9,8,-22.916912,-43.684567
4128O00083C0,8,-23.002636,-43.324602
4128O00084C0,8,-23.00146,-43.32749
3112O00016C2,8,-22.836516,-43.362887
2029O00031C0,8,-22.97852,-43.22751
1008O00022S0,8,-22.91013,-43.205583
3110O00007C9,8,-22.833929,-43.35793
1010O00021C0,8,-22.89479,-43.21542
1005O00194S9,8,-22.90467,-43.17793
3110O00049C9,8,-22.826794,-43.338717
3106O00046C2,8,-22.840251,-43.368941
3039O00038C0,8,-22.884608,-43.236203
2031O00014C0,8,-22.99749,-43.26473
3040O00015C0,8,-22.87026,-43.24704
3040O00042C0,8,-22.855944,-43.248033
3039O00008C0,8,-22.87796,-43.24145
3039O00009C0,8,-22.88592,-43.23489
4128O00057C0,8,-22.999349,-43.35729
2031O00023C0,8,-22.992413,-43.252342
3040O00013C1,8,-22.86074,-43.24814
3040O00014C1,8,-22.86471,-43.24819
5144O00177C9,8,-22.90211,-43.5465
1158O00001C0,8,-22.885926,-43.228785
1158O00010C0,8,-22.88639,-43.22657
1158O00012C0,8,-22.88901,-43.22447
3041O00013C0,8,-22.853,-43.24792
3041O00014C0,8,-22.85489,-43.24796
djub,8,-22.996211,-43.260525
3106O00044C9,8,-22.845803,-43.377968
2032O00028C0,8,-22.908498,-43.209965
3043O00091C0,7,-22.83544,-43.2614
5141O00021C9,7,-22.860723,-43.513684
2015O00055C0,7,-22.94243,-43.17398
2020O00072S0,7,-22.946944,-43.182126
5144O00319C9,7,-22.86181,-43.54684
2020O00059S0,7,-22.951101,-43.183259
3076O00124C0,7,-22.82177,-43.323799
3043O00010C1,7,-22.83301,-43.26594
3043O00009C0,7,-22.82998,-43.2711
5144O00318C0,7,-22.86217,-43.55342
2015O00057C0,7,-22.939496,-43.170924
3110O00005C0,7,-22.83062,-43.34832
2020O00073S0,7,-22.943226,-43.180742
3045O00015C1,7,-22.82239,-43.28083
3046O00003C0,7,-22.81486,-43.29358
1005O00004S0,7,-22.905275,-43.192459
3047O00013C0,7,-22.81771,-43.30707
3045O00014C0,7,-22.82072,-43.28296
5144O00645C0,7,-22.862281,-43.555514
5144O00480C9,7,-22.862002,-43.549473
2015O00056C0,7,-22.94127,-43.17236
3045O00013C1,7,-22.81975,-43.28418
3044O00056C0,7,-22.826435,-43.275608
2016O00055C0,7,-22.912168,-43.172982
1005O00181C0,7,-22.90649,-43.17764
1005O00180C0,7,-22.90664,-43.18006
1008O00002S0,7,-22.909508,-43.205978
5148O00033C9,7,-22.882998,-43.639227
2016O00022C0,7,-22.922629,-43.172233
2020O00148C0,7,-22.942824,-43.176753
5149O00203C9,7,-22.91555,-43.68352
5162O00022C0,7,-22.855105,-43.487509
5162O00021C0,7,-22.85609,-43.4926
5141O00315C9,7,-22.857112,-43.496716
5143O00001C0,7,-22.86114,-43.53394
5144O00030C9,7,-22.86524,-43.5742
5144O00029C9,7,-22.86429,-43.56703
5144O00048C9,7,-22.897671,-43.556189
5144O00031C9,7,-22.86603,-43.58429
3042O00011C0,7,-22.83712,-43.25831
3041O00009C0,7,-22.8406,-43.25355
3041O00010C0,7,-22.84348,-43.25089
3041O00011C0,7,-22.847834,-43.247621
2015O00026C0,7,-22.925018,-43.17256
2015O00025C0,7,-22.926844,-43.173127
4128O00082C0,7,-23.004624,-43.319744
2015O00022C0,7,-22.93544,-43.173992
3110O00047C0,7,-22.83084,-43.34498
4128O00109C0,7,-23.00633,-43.312271
5143O00002C9,7,-22.86053,-43.52155
4128O00172C0,7,-23.0065,-43.309209
2015O00023C0,7,-22.93267,-43.17431
2015O00024C0,7,-22.928967,-43.173779
5144O00028C0,7,-22.86343,-43.56353
3110O00009C9,7,-22.83264,-43.3546
3110O00012C9,7,-22.828391,-43.343295
3110O00010C0,7,-22.831865,-43.352376
1005O00030S0,7,-22.900515,-43.177892
1008O00001S0,7,-22.90769,-43.20011
1005O00193S9,7,-22.90242,-43.17877
1005O00151S0,7,-22.910264,-43.171781
1005O00159S0,7,-22.90382,-43.18806
tsbj,7,-22.891756,-43.222178
rsez,6,-22.993955,-43.595893
1005O00152S0,6,-22.90519,-43.17367
1005O00249S0,6,-22.90266,-43.17553
1005O00199C0,6,-22.89915,-43.17999
1005O00192C0,6,-22.90054,-43.17948
5147O00090C9,6,-22.89862,-43.613226
3110O00050C0,6,-22.83201,-43.34291
5144O00174C9,6,-22.900673,-43.55042
a3cr,6,-22.999633,-43.353628
5148O00005C9,6,-22.880741,-43.633092
5148O00004C9,6,-22.879757,-43.62749
5148O00003C9,6,-22.879034,-43.62305
5148O00006C9,6,-22.882242,-43.638698
4128O00059C0,6,-22.993732,-43.36544
4128O00062C0,6,-22.98431,-43.3652
4128O00060C0,6,-22.99168,-43.3654
5148O00002C9,6,-22.87756,-43.617088
5162O00005C0,6,-22.85552,-43.48228
4128O00061C0,6,-22.987624,-43.365336
3083O00016C0,6,-22.872676,-43.342437
4128O00223C0,6,-23.007562,-43.303971
5144O00033C0,6,-22.87449,-43.61051
5144O00032C0,6,-22.86941,-43.59844
5145O00027C9,6,-22.90309,-43.53856
1005O00131C0,6,-22.89798,-43.18086
4115O00235C0,6,-22.970055,-43.359563
4115O00236C0,6,-22.962285,-43.357
5145O00023C9,6,-22.90687,-43.53494
5145O00024C9,6,-22.90533,-43.53568
5144O00316C0,6,-22.86462,-43.5671
5144O00317C9,6,-22.86372,-43.56338
5147O00099C9,6,-22.897678,-43.613364
4115O00237C0,6,-22.957879,-43.356618
5149O00026C9,6,-22.922132,-43.679555
1005O00055S0,6,-22.9021,-43.182164
5148O00034C9,6,-22.8821,-43.63594
1005O00018S0,6,-22.90853,-43.17225
4123O00033P1,6,-22.915626,-43.361259
5145O00047C0,6,-22.90343,-43.53659
5141O00024C9,6,-22.857615,-43.472534
1005O00242P0,6,-22.908986,-43.170703
5144O00421C9,6,-22.86561,-43.57482
5144O00175C9,6,-22.90176,-43.55044
5144O00176C9,6,-22.90248,-43.5488
3110O00061C2,5,-22.831529,-43.343929
5151O00177C0,5,-22.96844,-43.62212
5144O00215C9,5,-22.86093,-43.54078
2015O00039C0,5,-22.9396,-43.17493
2031O00007C0,5,-22.99609,-43.25938
2031O00001C0,5,-22.999269,-43.269144
2031O00008C0,5,-22.995057,-43.25731
5147O00011C9,5,-22.90749,-43.621195
2015O00028C0,5,-22.926818,-43.173413
2020O00074S0,5,-22.941484,-43.179766
b0ai,5,-22.852595,-43.384449
2015O00030C0,5,-22.931876,-43.174496
2015O00031C0,5,-22.933994,-43.174512
2015O00034C0,5,-22.935323,-43.174301
5134O00004C9,5,-22.853636,-43.384975
5141O00260C9,5,-22.880286,-43.470283
2027O00051C0,5,-22.97141,-43.2234
2015O00029C0,5,-22.929437,-43.174212
2016O00024C0,5,-22.924585,-43.172737
2016O00020C0,5,-22.915388,-43.175119
2020O00058S0,5,-22.955184,-43.19476
2020O00076S0,5,-22.946493,-43.182672
5144O00485P9,5,-22.90168,-43.55506
3049O00030C0,5,-22.811163,-43.329832
1005O00143C0,5,-22.90307,-43.19083
2016O00052C9,5,-22.918109,-43.176622
1005O00090C0,5,-22.90162,-43.18528
2016O00040C0,5,-22.916004,-43.176333
5148O00019C9,5,-22.91668,-43.63292
5148O00095C0,5,-22.92267,-43.647884
5148O00085C9,5,-22.877178,-43.614674
3049O00012C9,5,-22.80638,-43.3255
5148O00094C0,5,-22.918413,-43.639657
5148O00012C0,5,-22.919767,-43.642463
5151O00052C0,5,-22.99206,-43.592879
1005O00101C0,5,-22.90005,-43.18171
2016O00019C0,5,-22.92115,-43.1738
5144O00313C0,5,-22.87543,-43.61113
2016O00021C0,5,-22.919513,-43.174922
5144O00314C0,5,-22.87029,-43.59983
5144O00315C0,5,-22.86806,-43.59398
5144O00178C9,5,-22.90145,-43.544346
5149O00011C9,5,-22.919797,-43.683075
5148O00065C0,5,-22.879031,-43.619805
5148O00064C9,5,-22.879861,-43.624506
2020O00057S0,5,-22.95233,-43.186717
5141O00100C9,5,-22.858161,-43.464426
5148O00063C9,5,-22.88031,-43.6275
dies,5,-22.856472,-43.248027
2020O00017S0,5,-22.954194,-43.191986
2020O00075S0,5,-22.942616,-43.181153
2020O00016S0,5,-22.955667,-43.196167
5148O00011C9,5,-22.917306,-43.637134
2027O00060C0,5,-22.961141,-43.210429
2027O00059C0,5,-22.960683,-43.206938
2031O00026C0,5,-22.998975,-43.270729
2031O00009C0,5,-22.993626,-43.254208
5147O00093C9,5,-22.911838,-43.62757
2015O00035C0,5,-22.936477,-43.17411
1003O00026C0,5,-22.907569,-43.209274
5150O00098C0,5,-22.98285,-43.68528
2027O00057C0,5,-22.960469,-43.204758
2031O00002C0,5,-22.99816,-43.26568
3114O00003C0,5,-22.80866,-43.3697
5147O00091C9,5,-22.903635,-43.614744
2027O00097C0,5,-22.967135,-43.21983
2027O00067C0,5,-22.959719,-43.201374
5147O00010C9,5,-22.905936,-43.619049
2027O00061C0,5,-22.9614,-43.213083
2027O00062C0,5,-22.962236,-43.215419
2027O00098C0,5,-22.964565,-43.217649
5147O00009C9,5,-22.904946,-43.617185
5147O00092C9,5,-22.910256,-43.624543
2020O00153S2,5,-22.953242,-43.189239
2021O00009S0,5,-22.957147,-43.198663
3076O00125C0,5,-22.822537,-43.326187
5149O00273C9,5,-22.92173,-43.68184
2020O00020S0,5,-22.951935,-43.185606
2015O00040C0,5,-22.940622,-43.176194
5144O00420C0,5,-22.86636,-43.58471
1005O00197C0,5,-22.905593,-43.182786
5148O00066C9,5,-22.878012,-43.616593
3039BB0027U2,4,-22.875807,-43.242619
5149O00055C9,4,-22.94674,-43.68128
3082O00007C0,4,-22.88058,-43.32313
1012O00034C0,4,-22.89443,-43.23866
1012O00033C0,4,-22.89618,-43.23688
5149O00058C9,4,-22.9361,-43.68806
5149O00013C9,4,-22.921655,-43.680134
1012O00032C0,4,-22.897413,-43.236747
8k09,4,-22.907379,-43.168683
5144O00067C9,4,-22.90144,-43.55557
3040BB0065U1,4,-22.859889,-43.247772
5149O00033C0,4,-22.9231,-43.6516
5134O00009C9,4,-22.848448,-43.382186
4132BO0013U2,4,-23.00812,-43.44229
5141O00256C9,4,-22.880073,-43.466605
3082O00062P0,4,-22.881509,-43.325358
2020O00141C0,4,-22.951498,-43.184021
2024O00120S0,4,-22.96307,-43.17426
5149O00065C9,4,-22.92222,-43.68459
5149O00064C9,4,-22.924804,-43.687355
5149O00063C9,4,-22.92598,-43.68987
5149O00060C9,4,-22.93091,-43.68902
5149O00059C9,4,-22.93307,-43.68875
5150O00090C9,4,-22.95523,-43.68667
5150O00103C0,4,-22.9539,-43.68418
5150O00040C0,4,-22.98474,-43.69499
5150O00041C9,4,-22.98543,-43.69833
1010BB0124U2,4,-22.887026,-43.224386
2027O00105C0,4,-22.97362,-43.225424
5150O00089C9,4,-22.95888,-43.69288
1008O00019S0,4,-22.907776,-43.198426
1005O00025S0,4,-22.9059,-43.19296
1005O00376S2,4,-22.903617,-43.185315
3066O00059C1,4,-22.886637,-43.287836
wcdt,4,-23.001475,-43.3652
1005O00034S9,4,-22.90732,-43.17396
spfb,4,-22.904231,-43.209513
1010BB0125U1,4,-22.885872,-43.225539
1005O00235C0,4,-22.907849,-43.189799
3114O00080C0,4,-22.806945,-43.364935
3114O00090C0,4,-22.806076,-43.363787
3076O00146C0,4,-22.820558,-43.319558
3104O00037C0,4,-22.814647,-43.246261
5142O00059C9,4,-22.894759,-43.488597
5142O00072C0,4,-22.89489,-43.49064
5150O00088C9,4,-22.96222,-43.70055
5142O00020C9,4,-22.882314,-43.482695
5142O00074C9,4,-22.882712,-43.486827
5142O00019C9,4,-22.883578,-43.491546
5144O00065C9,4,-22.90223,-43.54923
5144O00064C9,4,-22.90184,-43.54693
3039BB0028U1,4,-22.87444,-43.243604
5144O00066C9,4,-22.900908,-43.549671
3108O00060C0,4,-22.828908,-43.419188
5149O00092C9,4,-22.936792,-43.666816
5149O00057C9,4,-22.93875,-43.68623
3090O00081C2,4,-22.863542,-43.3722
3042O00017C9,4,-22.8407,-43.26735
3043O00011C9,4,-22.84201,-43.26934
n9wu,4,-22.805946,-43.322021
nffo,4,-22.828819,-43.344412
2020O00011S0,4,-22.956114,-43.177442
5141O00010C9,4,-22.87553,-43.46543
5141O00035C9,4,-22.880996,-43.480382
5141O00036C9,4,-22.880517,-43.477424
5141O00037C9,4,-22.880428,-43.475564
5141O00038C9,4,-22.88041,-43.473897
5149O00281C9,4,-22.95121,-43.68175
5149O00282C9,4,-22.95035,-43.68141
5149O00284C9,4,-22.92889,-43.68995
5149O00280C9,4,-22.95238,-43.68256
3040BB0066U2,4,-22.861525,-43.247868
5149O00228C9,4,-22.915671,-43.685866
5149O00285C9,4,-22.926868,-43.690623
5151O00112C9,4,-22.96879,-43.6479
3042O00016C9,4,-22.83968,-43.26596
3098O00003C0,4,-22.7893,-43.16436
5148O00062C9,4,-22.881196,-43.632498
3103O00010C9,4,-22.805862,-43.211671
3042O00015C9,4,-22.84187,-43.26414
5144O00394P9,4,-22.90197,-43.55501
2020O00012C0,4,-22.952751,-43.175966
5150O00022C9,4,-22.9804,-43.687342
5150O00021C9,4,-22.981153,-43.685752
5150O00039C0,4,-22.9836,-43.69323
5150O00023C9,4,-22.97963,-43.68906
5149O00054C9,4,-22.94813,-43.68098
1005O00094C0,4,-22.90988,-43.16846
5150O00033C9,4,-22.95775,-43.69045
5150O00032C9,4,-22.95942,-43.69516
5150O00031C9,4,-22.96013,-43.69741
5150O00037C0,4,-22.98046,-43.69074
5150O00038C0,4,-22.98189,-43.69186
5144O00487P9,4,-22.90214,-43.55516
5149O00056C9,4,-22.94082,-43.68486
4123O00035C0,4,-22.915198,-43.36147
4123O00036C0,4,-22.915768,-43.36193
3044O00057C0,4,-22.83691,-43.284401
5150O00028C9,4,-22.96601,-43.70548
5150O00049C9,4,-22.97022,-43.70843
3066O00060C1,4,-22.88522,-43.2901
5150O00029C9,4,-22.96491,-43.70526
5150O00030C9,4,-22.96392,-43.70352
5150O00044C9,4,-22.98048,-43.70283
5150O00045C0,4,-22.97793,-43.70433
5150O00046C9,4,-22.97576,-43.70583
3049O00006C0,4,-22.810145,-43.320957
3049O00007C0,4,-22.80763,-43.321629
3071O00036C1,4,-22.882097,-43.292739
5150O00087C9,4,-22.9633,-43.70166
5150O00043C9,4,-22.9825,-43.70178
5150O00047C9,4,-22.97435,-43.70689
5150O00048C0,4,-22.97201,-43.70905
5150O00050C9,4,-22.96772,-43.70615
5150O00052C0,4,-22.987432,-43.688509
5150O00042C9,4,-22.98446,-43.70063
1005O00046C2,4,-22.90243,-43.181646
5149O00012C0,4,-22.920728,-43.68112
3104O00024C0,4,-22.811616,-43.250768
5148O00104C0,3,-22.88505,-43.621194
3104O00008C0,3,-22.833349,-43.23877
5148O00102C0,3,-22.883432,-43.628627
5148O00124C9,3,-22.91856,-43.649859
5148O00128C9,3,-22.917465,-43.640322
5148O00135C9,3,-22.887474,-43.65458
3097OY0015C9,3,-22.78659,-43.1856
5148O00103C0,3,-22.883567,-43.62735
5148O00041C9,3,-22.91675,-43.63671
5141O00041C9,3,-22.87973,-43.46439
5141O00029C9,3,-22.877109,-43.473056
5149O00010C9,3,-22.917924,-43.684977
5149BO0006U2,3,-22.94048,-43.66514
5149O00025C9,3,-22.92456,-43.6791
5148O00044C9,3,-22.918343,-43.644461
5148O00043C9,3,-22.917976,-43.642809
5148O00042C9,3,-22.917114,-43.638486
1012O00031C0,3,-22.89888,-43.2359
1012O00009C1,3,-22.88533,-43.25221
1012O00008C1,3,-22.887018,-43.250415
103r,3,-22.965517,-43.647715
1012O00044C0,3,-22.89067,-43.24193
1012O00043C0,3,-22.891622,-43.240485
ftmp,3,-22.810263,-43.327116
5141O00094C0,3,-22.87513,-43.46558
3049O00011C9,3,-22.806973,-43.326599
3053O00012C1,3,-22.88404,-43.27717
3053O00011C1,3,-22.88295,-43.2763
3053O00010C1,3,-22.88085,-43.27387
3053O00009C1,3,-22.878595,-43.266048
3052O00006C1,3,-22.87806,-43.26402
3065O00046C1,3,-22.887427,-43.284126
3065O00045C1,3,-22.886308,-43.279923
3065O00044C1,3,-22.88727,-43.28219
3suv,3,-22.819953,-43.324011
4116O00064C0,3,-22.956284,-43.347451
4116O00061C0,3,-22.95552,-43.339921
4116O00060C0,3,-22.957014,-43.341038
3052O00005C1,3,-22.878107,-43.262168
3052O00004C1,3,-22.880471,-43.258578
5151BO0003X2,3,-22.994007,-43.596478
4120O00021C0,3,-22.951679,-43.349694
4121O00044C0,3,-22.924848,-43.358395
4121O00043C0,3,-22.92592,-43.35676
4116O00045C0,3,-22.955287,-43.338158
4116O00043C0,3,-22.957877,-43.342036
4116O00036C0,3,-22.957038,-43.336635
4116O00027C0,3,-22.964,-43.33557
4116O00026C0,3,-22.96135,-43.33509
4116O00025C0,3,-22.9587,-43.33589
4121O00042C0,3,-22.92791,-43.35545
4121O00041C0,3,-22.93089,-43.35338
4121O00040C0,3,-22.93376,-43.35248
5145O00019C9,3,-22.89911,-43.54141
5145O00017C9,3,-22.88845,-43.52147
5145O00016C9,3,-22.89026,-43.52452
5145O00014C9,3,-22.89264,-43.52933
5144O00433C0,3,-22.901446,-43.560665
5144O00426C0,3,-22.902398,-43.561559
5145O00013C9,3,-22.89368,-43.53337
5151O00018C9,3,-22.96613,-43.62118
5151O00001C9,3,-22.953739,-43.577323
5151BO0006U2,3,-23.009423,-43.539913
5150O00020C9,3,-22.98553,-43.68686
5146O00013C0,3,-22.89461,-43.59397
5145O00022C9,3,-22.89509,-43.53686
5145O00021C9,3,-22.89693,-43.53895
5145O00020C9,3,-22.89817,-43.54034
3049O00025C0,3,-22.807253,-43.327419
5144O00648C0,3,-22.912533,-43.533245
5144O00540C9,3,-22.904414,-43.540369
4120O00023C0,3,-22.94192,-43.34466
4120O00022C0,3,-22.94993,-43.34848
5144O00329C9,3,-22.908978,-43.53587
5144O00327C0,3,-22.91126,-43.53819
4115O00111C0,3,-22.9729,-43.33567
5149O00306C0,3,-22.921474,-43.665746
5149O00304C0,3,-22.923435,-43.676351
3043O00013C0,3,-22.8389,-43.27394
3043O00012C0,3,-22.8406,-43.27102
3047BB0043U2,3,-22.818754,-43.309173
3047BB0042U1,3,-22.817826,-43.307725
3045BB0069U2,3,-22.820086,-43.283308
3045BB0068U1,3,-22.819048,-43.284631
3043O00014C0,3,-22.837671,-43.276318
5151O00065C9,3,-22.963298,-43.587642
4123O00039C0,3,-22.917656,-43.361086
4123O00038C0,3,-22.919982,-43.360245
4123O00037C0,3,-22.922448,-43.360733
5151O00126C9,3,-22.956376,-43.578658
5144O00199C0,3,-22.93852,-43.57788
5149O00224C9,3,-22.899281,-43.679163
5149O00307C0,3,-22.922295,-43.658614
5146O00054C9,3,-22.893591,-43.593865
5146O00043C0,3,-22.892213,-43.592179
3157O00013C0,3,-22.848182,-43.244906
3041BB0075U2,3,-22.853878,-43.247651
3041BB0074U1,3,-22.852296,-43.247589
3041BB0072U1,3,-22.842377,-43.251503
3041BB0071U2,3,-22.843581,-43.250395
3043BB0124U1,3,-22.828791,-43.272164
3043BB0123U2,3,-22.829812,-43.270855
3042O00012C2,3,-22.84617,-43.26052
3041O00019C2,3,-22.84875,-43.25813
5144O00408C0,3,-22.89985,-43.55893
2z7m,3,-22.957326,-43.343719
5151O00140C9,3,-22.991633,-43.594109
3155O00005C1,3,-22.882377,-43.254823
3155O00004C1,3,-22.88359,-43.25369
5149O00168C9,3,-22.93461,-43.66553
5149O00167C0,3,-22.93332,-43.66208
3082O00042P0,3,-22.881793,-43.329684
5151O00138C9,3,-22.987858,-43.592524
5151O00137C9,3,-22.985127,-43.590743
5151O00136C9,3,-22.981786,-43.588257
5151O00133C0,3,-22.977459,-43.589915
5151O00132C9,3,-22.974085,-43.58941
5151O00131C9,3,-22.969942,-43.588749
5151O00129C9,3,-22.967679,-43.589128
5151O00128C9,3,-22.961622,-43.583617
5151O00127C0,3,-22.959258,-43.581217
2028O00023C0,3,-22.960193,-43.20439
2027O00096C0,3,-22.977042,-43.224905
5147O00003C9,3,-22.886252,-43.605072
3114O00052C0,3,-22.806672,-43.366375
5147O00002C0,3,-22.88548,-43.609991
5147O00084C0,3,-22.885541,-43.607425
5147O00066C1,3,-22.887899,-43.605826
2029O00038C0,3,-22.973808,-43.226103
2028O00034C0,3,-22.965734,-43.219031
2031O00022C0,3,-22.992826,-43.25213
2033O00250P0,3,-22.946357,-43.256559
2033O00156C0,3,-22.943706,-43.254835
4128BO0219U1,3,-23.000392,-43.383481
4128BO0005U2,3,-22.9999,-43.40689
4128BO0003C1,3,-23.000831,-43.417485
4128BO0001U2,3,-23.00543,-43.43195
5143O00009C9,3,-22.881139,-43.51043
5143O00008C9,3,-22.88234,-43.51392
5143O00007C9,3,-22.884829,-43.518671
5147O00064C9,3,-22.89011,-43.607602
5147O00062C9,3,-22.896077,-43.612148
5147O00030C9,3,-22.895365,-43.611756
5147O00028C9,3,-22.89889,-43.61292
5147O00027C9,3,-22.90001,-43.6125
3083O00035C0,3,-22.87924,-43.34165
3083O00034C0,3,-22.87656,-43.33964
5149O00165C0,3,-22.93178,-43.65764
2028O00032C0,3,-22.964402,-43.217762
2028O00031C0,3,-22.961865,-43.215231
2028O00029C0,3,-22.961153,-43.212366
2028O00027C0,3,-22.96081,-43.20931
2028O00025C0,3,-22.960475,-43.206776
4132BO0003U2,3,-23.020583,-43.500215
4131O00067C0,3,-22.979849,-43.491233
5142O00061C0,3,-22.87831,-43.49194
5142O00036C0,3,-22.87109,-43.48507
5149O00084C9,3,-22.88908,-43.6596
5149O00083C0,3,-22.891871,-43.668655
5149O00082C9,3,-22.893723,-43.674424
5149O00081C9,3,-22.896743,-43.677296
5149O00080C9,3,-22.903821,-43.682457
5149O00079C9,3,-22.906209,-43.684189
3083O00067C0,3,-22.870317,-43.341938
4131O00029C0,3,-22.977818,-43.492828
2027O00049C0,3,-22.97608,-43.225182
2029O00028C0,3,-22.97737,-43.22657
2028O00036C0,3,-22.971011,-43.223365
5143O00032C9,3,-22.885661,-43.519829
5149O00077C9,3,-22.912604,-43.686631
5148O00009C0,3,-22.885617,-43.618773
5147O00109C9,3,-22.894167,-43.610671
5134O00006C9,3,-22.856893,-43.386822
4132O00144C0,3,-23.02519,-43.521708
4132O00142C0,3,-23.02163,-43.48264
5142O00017C9,3,-22.881481,-43.50018
5142O00016C9,3,-22.87971,-43.50393
5142O00010C9,3,-22.879961,-43.506795
4132O00020C0,3,-23.02382,-43.48204
4132BO0010U2,3,-23.01225,-43.45848
4132BO0008U2,3,-23.01559,-43.47157
4132BO0006U2,3,-23.01839,-43.48262
4132BO0005U2,3,-23.01949,-43.48692
5142O00018C9,3,-22.882359,-43.496211
4131BO0086U1,3,-23.0162,-43.516233
5141O00278C0,3,-22.86894,-43.48313
3110O00032C0,3,-22.830754,-43.353504
3090O00026C0,3,-22.863446,-43.373216
3091O00010P0,3,-22.825542,-43.169242
3090O00071C0,3,-22.86383,-43.37338
5149O00078C9,3,-22.908635,-43.685969
5149O00038C0,3,-22.92304,-43.67822
2016O00015C0,3,-22.916058,-43.176554
2020O00064S0,3,-22.94919,-43.18406
2020O00040S0,3,-22.951427,-43.194869
2020O00004S0,3,-22.949448,-43.188058
2021O00010S0,3,-22.955823,-43.198268
2021O00008S0,3,-22.959026,-43.200876
2021O00003S0,3,-22.953009,-43.196703
5141O00266C9,3,-22.87057,-43.464886
5141O00263C0,3,-22.867359,-43.464945
2020O00005S0,3,-22.949856,-43.190623
5135O00004C9,3,-22.862048,-43.394673
5135O00003C9,3,-22.859768,-43.390006
5149O00037C0,3,-22.92234,-43.67178
5149O00036C0,3,-22.92174,-43.66917
5149O00035C0,3,-22.92171,-43.663399
5149O00034C0,3,-22.9225,-43.65681
3090O00038C9,3,-22.86207,-43.37179
5148O00032C9,3,-22.88424,-43.64381
5149O00024C0,3,-22.927565,-43.677348
5149O00023C0,3,-22.928003,-43.67683
5141O00136C0,3,-22.87446,-43.46366
5141O00115C0,3,-22.873115,-43.464844
5141O00113C0,3,-22.87644,-43.46967
5141O00112C0,3,-22.87828,-43.46968
5141O00110C0,3,-22.869833,-43.483052
5141O00093C0,3,-22.875343,-43.468911
5141O00092C0,3,-22.87539,-43.47087
5141O00085C0,3,-22.86054,-43.46529
5141O00084C9,3,-22.864136,-43.465028
5149O00022C0,3,-22.931246,-43.672868
5149O00021C9,3,-22.932321,-43.671322
5149O00020C0,3,-22.934378,-43.668606
3097O00010C9,3,-22.786449,-43.18733
3104O00032C0,3,-22.80749,-43.21461
3104O00031C0,3,-22.811589,-43.217371
3104O00030C0,3,-22.814769,-43.221214
3104O00029C0,3,-22.81766,-43.224238
3104O00028C9,3,-22.821114,-43.227988
3104O00027C0,3,-22.825688,-43.232808
atod,3,-22.972143,-43.331927
2020O00006S0,3,-22.950603,-43.193199
1005O00120C2,3,-22.902564,-43.182057
3097OY0016C9,3,-22.787719,-43.184437
0vnu,3,-22.956797,-43.345217
t0w9,3,-22.955297,-43.353935
1005O00171C1,3,-22.901639,-43.181276
1005O00158S0,3,-22.903662,-43.187524
zsjz,3,-22.853863,-43.38431
1005O00371C1,3,-22.901278,-43.18014
1005O00370C1,3,-22.901944,-43.182203
qloe,3,-22.93708,-43.667639
1010O00064C9,3,-22.90045,-43.23258
1010O00062C9,3,-22.89995,-43.229544
1010O00061C0,3,-22.899862,-43.226297
gz5j,3,-22.969972,-43.33569
ghag,3,-22.839334,-43.239554
1010O00092C0,3,-22.90001,-43.234537
5151O00063C9,3,-22.965675,-43.589718
5151BO0001U2,3,-22.96529,-43.646867
4117O00011C0,3,-22.958178,-43.351168
4117O00010C0,3,-22.955985,-43.348555
4117O00006C0,3,-22.95425,-43.35474
4120O00120C0,3,-22.944866,-43.346348
4120O00119C0,3,-22.946881,-43.347336
4120O00098C0,3,-22.936831,-43.351093
4120O00097C0,3,-22.938213,-43.3489
4120O00095C0,3,-22.9384,-43.34787
4120O00093C0,3,-22.93859,-43.3455
5150O00074C0,3,-22.98537,-43.68661
5150O00073C0,3,-22.9885,-43.68903
5151BO0002U2,3,-22.96859,-43.62204
4118O00011C0,3,-22.952741,-43.3534
3066O00058C1,3,-22.88708,-43.28657
00bw,2,-22.969093,-43.335334
vcfu,2,-22.977441,-43.333571
xkbl,2,-22.993854,-43.59607
xl0u,2,-23.004717,-43.430698
xpj6,2,-22.81674,-43.319634
z2u6,2,-22.972913,-43.329672
zjbl,2,-22.897765,-43.212359
5139O00038C9,2,-22.87803,-43.44195
5139O00041C9,2,-22.878192,-43.437613
5139O00042C9,2,-22.87805,-43.435965
5139O00043C9,2,-22.878132,-43.433947
5139O00044C9,2,-22.87864,-43.42896
1010BB0117U2,2,-22.894429,-43.215347
1010BB0115U1,2,-22.889344,-43.220296
1008O00027S0,2,-22.90794,-43.20089
5139O00202C9,2,-22.878154,-43.43932
5139O00016C9,2,-22.875263,-43.444354
5139O00015C9,2,-22.875409,-43.442151
5139O00014C9,2,-22.875577,-43.439995
5139O00013C9,2,-22.87573,-43.43715
5139O00012C9,2,-22.87607,-43.4317
5139O00011C9,2,-22.87629,-43.42894
5139O00010C9,2,-22.876478,-43.426874
5139O00009C9,2,-22.87672,-43.423429
5140O00037C9,2,-22.887258,-43.445038
qr92,2,-22.821982,-43.391973
qfjt,2,-22.899341,-43.211302
ort8,2,-23.001491,-43.366115
3099O00021C0,2,-22.810826,-43.208831
3099O00020C0,2,-22.8095,-43.20863
5148O00101C0,2,-22.921548,-43.645478
5148O00099C0,2,-22.917412,-43.636341
5148O00098C0,2,-22.91691,-43.63264
5148O00091C0,2,-22.889847,-43.636025
5148O00088C9,2,-22.91602,-43.6337
5148O00080C9,2,-22.91211,-43.65725
3104O00007C0,2,-22.81656,-43.23992
3104O00006C0,2,-22.81855,-43.23697
3104O00005C0,2,-22.820112,-43.235474
3099O00019C0,2,-22.806878,-43.208637
3099O00018C9,2,-22.81108,-43.19416
3099O00017C9,2,-22.809881,-43.195485
3099O00016C9,2,-22.80814,-43.19683
3099O00015C9,2,-22.80609,-43.20014
5149O00002C0,2,-22.891517,-43.66939
5149O00001C9,2,-22.88823,-43.65889
3098O00019C0,2,-22.789006,-43.161648
3098O00018C0,2,-22.789137,-43.16196
3098O00004C0,2,-22.78999,-43.16578
5148O00077C9,2,-22.91392,-43.65455
5148O00076C0,2,-22.915582,-43.652044
5148O00123C9,2,-22.91604,-43.63286
5148O00122C9,2,-22.917156,-43.638023
5148O00121C9,2,-22.918387,-43.644126
5148O00119C0,2,-22.888161,-43.63
5148O00118C0,2,-22.889272,-43.634666
5148O00116C9,2,-22.890939,-43.629871
5148O00114C0,2,-22.918816,-43.630749
5148O00113C9,2,-22.913084,-43.655823
5148O00105C0,2,-22.882184,-43.631085
5149O00016C9,2,-22.928555,-43.676465
3094O00008C0,2,-22.820526,-43.181475
3094O00007C0,2,-22.81906,-43.183746
3094O00003C0,2,-22.817997,-43.185292
5149O00015C9,2,-22.927648,-43.677665
5149O00014C9,2,-22.925139,-43.679226
3106O00053C9,2,-22.84291,-43.37597
3106O00033C0,2,-22.83649,-43.38619
3106O00032C0,2,-22.83627,-43.3826
3103O00011C9,2,-22.805041,-43.206768
5149O00009C9,2,-22.913472,-43.687069
5149O00008C9,2,-22.911672,-43.687426
5149O00007C9,2,-22.908936,-43.686488
5149O00006C9,2,-22.906104,-43.684416
5149O00005C9,2,-22.903657,-43.682635
5149O00003C9,2,-22.899121,-43.679323
3093O00011C0,2,-22.81894,-43.18828
3093O00010C0,2,-22.82004,-43.19017
3092O00011C0,2,-22.821986,-43.177329
3092O00008C0,2,-22.82354,-43.175787
3106O00030C2,2,-22.838803,-43.378951
3106O00029C0,2,-22.84075,-43.37755
3106O00020C0,2,-22.836933,-43.380266
3107O00075C0,2,-22.819886,-43.390579
3107O00067C0,2,-22.825339,-43.391839
3107O00066C0,2,-22.825685,-43.416076
3107O00053C0,2,-22.8173,-43.38943
3107O00052C0,2,-22.81832,-43.39082
5148O00031C9,2,-22.918418,-43.63902
5148O00030C9,2,-22.920115,-43.642396
5149O00018C9,2,-22.93257,-43.67142
5149O00017C9,2,-22.931297,-43.673187
3088O00013C0,2,-22.88107,-43.35205
3091O00009C0,2,-22.824852,-43.173084
3090O00074C0,2,-22.853717,-43.376421
5148O00028C9,2,-22.91566,-43.63088
5148O00027C9,2,-22.91677,-43.6359
5148O00025C9,2,-22.917651,-43.64063
5148O00024C9,2,-22.918045,-43.642625
5148O00022C9,2,-22.918674,-43.649991
3109O00036C0,2,-22.831599,-43.39189
3109O00029C0,2,-22.83674,-43.38808
3109O00026C0,2,-22.83427,-43.39195
3109O00006C0,2,-22.83644,-43.39031
3108O00061C0,2,-22.827227,-43.418293
3106O00031C0,2,-22.83796,-43.37957
3093O00013C0,2,-22.81662,-43.18622
3093O00012C0,2,-22.81707,-43.18757
5149O00069C0,2,-22.92197,-43.662695
5149O00068C0,2,-22.921598,-43.665945
5149O00067C0,2,-22.923642,-43.676608
5149O00066C0,2,-22.92412,-43.67878
5148O00007C9,2,-22.88342,-43.64302
5147O00096C9,2,-22.90336,-43.61388
5147O00095C9,2,-22.908122,-43.621432
5147O00094C9,2,-22.90517,-43.617124
3110O00031C0,2,-22.828957,-43.354259
5148O00029C9,2,-22.913958,-43.629359
3090O00034C0,2,-22.87685,-43.36993
3089O00024C0,2,-22.877,-43.36759
3089O00023C0,2,-22.87738,-43.36463
3089O00014C0,2,-22.87783,-43.36105
3089O00013C0,2,-22.87861,-43.35759
3088O00014C0,2,-22.87965,-43.35556
3083O00036C0,2,-22.88045,-43.34242
3083O00017C0,2,-22.87777,-43.336183
3112O00007C0,2,-22.8407,-43.36232
3112O00006C0,2,-22.838527,-43.362522
5149O00115C9,2,-22.912532,-43.681389
5149O00111C9,2,-22.92252,-43.70051
5149O00102C9,2,-22.913013,-43.683885
3086O00073C2,2,-22.849076,-43.343249
3086O00069C0,2,-22.845664,-43.338401
3086O00032C2,2,-22.847307,-43.34053
3083O00066C0,2,-22.86937,-43.34127
5149O00157C9,2,-22.93591,-43.65494
5149O00073C0,2,-22.923011,-43.647754
5149O00072C0,2,-22.923166,-43.652136
5149O00071C0,2,-22.92269,-43.65621
5149O00070C0,2,-22.922385,-43.659083
3114O00063C0,2,-22.816595,-43.385342
5146O00056C9,2,-22.907959,-43.59765
5147O00087C9,2,-22.91397,-43.62141
5147O00086C9,2,-22.915041,-43.627011
3112O00013C0,2,-22.838338,-43.362665
3112O00010C0,2,-22.84198,-43.36188
3110O00022C0,2,-22.827873,-43.353295
5149O00156C9,2,-22.93422,-43.65441
5149O00155C9,2,-22.93236,-43.65519
5149O00152C0,2,-22.93158,-43.65668
5149O00151C9,2,-22.93349,-43.66172
5149O00150C0,2,-22.935321,-43.665824
5149O00143C9,2,-22.913896,-43.683748
3083O00039C0,2,-22.882105,-43.349325
3083O00038C0,2,-22.88257,-43.34691
3083O00037C0,2,-22.882069,-43.345009
3079O00011C1,2,-22.88489,-43.31306
3079O00010C1,2,-22.88353,-43.31986
3082O00051C0,2,-22.882382,-43.333901
3082O00049P0,2,-22.881848,-43.329789
3082O00019C0,2,-22.882138,-43.331007
3082O00018C0,2,-22.882534,-43.33687
3082O00017C0,2,-22.881116,-43.330479
3082O00016C0,2,-22.88163,-43.32648
3082O00015C0,2,-22.880945,-43.324178
3082O00014C1,2,-22.88227,-43.3239
3082O00013C1,2,-22.8828,-43.32159
5147O00025C9,2,-22.90624,-43.6194
5147O00024C0,2,-22.91027,-43.62414
5147O00022C9,2,-22.911887,-43.627275
3114O00115C2,2,-22.807205,-43.366805
3114O00114C1,2,-22.804936,-43.363332
5149O00275C9,2,-22.89546,-43.65414
5149O00265C9,2,-22.896593,-43.677516
5149O00236C0,2,-22.934396,-43.668971
5149O00225C9,2,-22.887251,-43.655915
3077O00038C2,2,-22.843267,-43.335808
5146O00053C9,2,-22.893295,-43.593717
5147O00026C9,2,-22.90388,-43.61477
5149O00189C9,2,-22.937033,-43.667476
5149O00178C9,2,-22.89279,-43.67436
5149O00177C9,2,-22.91137,-43.67885
5149O00176C9,2,-22.910413,-43.674766
5149O00175C9,2,-22.911025,-43.670385
5149O00174C9,2,-22.911379,-43.667636
5149O00173C9,2,-22.909904,-43.663241
3082O00002C0,2,-22.88283,-43.34025
3079O00012C1,2,-22.884551,-43.315317
3071O00031C0,2,-22.88277,-43.29912
3071O00017C1,2,-22.882831,-43.29628
3071O00016C1,2,-22.88154,-43.29443
3071O00013C0,2,-22.88136,-43.29594
3070O00012C0,2,-22.885719,-43.30051
5149O00311C9,2,-22.8731,-43.67625
5146O00017C9,2,-22.90535,-43.597189
5146O00016C9,2,-22.902919,-43.595896
5146O00015C0,2,-22.90123,-43.59553
5146O00002C0,2,-22.914328,-43.600574
5146O00055C9,2,-22.898918,-43.594474
5149O00305C0,2,-22.922302,-43.671128
3076O00097C9,2,-22.828302,-43.329176
3076O00085C0,2,-22.824464,-43.329353
3076O00025C9,2,-22.82481,-43.332599
3069O00013C1,2,-22.88614,-43.30788
3066O00052C0,2,-22.895729,-43.294213
3054O00003C0,2,-22.87073,-43.28374
4115O00027C0,2,-22.971876,-43.334189
3157O00018C0,2,-22.874862,-43.242746
4116O00058C0,2,-22.950089,-43.338873
5146O00019C0,2,-22.892358,-43.592158
3070O00011C0,2,-22.88436,-43.29998
3070O00006C1,2,-22.88538,-43.30128
3070O00005C1,2,-22.8846,-43.29814
3069O00056C0,2,-22.897637,-43.31268
3069O00023C0,2,-22.901578,-43.314398
3069O00022C0,2,-22.900156,-43.313888
3069O00021C0,2,-22.898301,-43.313281
3069O00014C1,2,-22.8852,-43.31011
3069O00012C1,2,-22.88659,-43.306
3069O00011C1,2,-22.88639,-43.30314
3055O00005C0,2,-22.86552,-43.28986
3055O00004C0,2,-22.86522,-43.29301
4116O00015C0,2,-22.958448,-43.335727
4116O00007C0,2,-22.95272,-43.338123
4116O00006C0,2,-22.954607,-43.337376
4115O00240C0,2,-22.97349,-43.33537
4120O00013C0,2,-22.94189,-43.34128
4119O00048C0,2,-22.956278,-43.392586
4119O00026C0,2,-22.956659,-43.393949
4118O00015C0,2,-22.946831,-43.36088
4118O00014C0,2,-22.952581,-43.353193
4118O00013C0,2,-22.946444,-43.359992
4118O00012C0,2,-22.95302,-43.35497
4118O00007C0,2,-22.947472,-43.36001
4118O00006C0,2,-22.95007,-43.35915
4115O00072C0,2,-22.96638,-43.33477
3054O00007C0,2,-22.87291,-43.2806
3054O00006C0,2,-22.87317,-43.28138
3054O00005C0,2,-22.87314,-43.28202
3054O00004C0,2,-22.87217,-43.28277
3049O00015C0,2,-22.810795,-43.321135
4118O00004C0,2,-22.95342,-43.35633
4120O00092C0,2,-22.93943,-43.34277
4120O00091C0,2,-22.93875,-43.34048
4120O00090C0,2,-22.93785,-43.33885
4120O00049C0,2,-22.94864,-43.34823
4120O00048C0,2,-22.94483,-43.34646
4116O00016C0,2,-22.956354,-43.336671
3054O00002C0,2,-22.86901,-43.28437
3054O00001C0,2,-22.86739,-43.2868
3053O00017C0,2,-22.87379,-43.26656
3055O00006C0,2,-22.866332,-43.288437
4120O00047C0,2,-22.94247,-43.3454
4120O00046C0,2,-22.94076,-43.34431
4120O00125C0,2,-22.945997,-43.339745
4120O00121C0,2,-22.951689,-43.350151
4118O00005C0,2,-22.952072,-43.358033
3050O00018C0,2,-22.870111,-43.262903
3050O00014C0,2,-22.8717,-43.25853
3050O00011C1,2,-22.87023,-43.25854
3054O00051C0,2,-22.868229,-43.268968
3054O00050C2,2,-22.870389,-43.27625
3054O00038C0,2,-22.87313,-43.27673
3054O00019C0,2,-22.874057,-43.278138
3054O00012C0,2,-22.872111,-43.268383
3054O00011C0,2,-22.86932,-43.268315
3054O00010C2,2,-22.86731,-43.2722
3054O00009C2,2,-22.868483,-43.274681
5151O00019C9,2,-22.96668,-43.62189
5151O00015C9,2,-22.96274,-43.61403
3050O00010C0,2,-22.869906,-43.260306
3050O00009C0,2,-22.86998,-43.26437
3050O00008C0,2,-22.869925,-43.267263
3050O00007C0,2,-22.87034,-43.26825
3050O00006C0,2,-22.87228,-43.26798
3049O00017C0,2,-22.81292,-43.31864
3049O00016C0,2,-22.811009,-43.319635
3047O00005C9,2,-22.81766,-43.30371
5144O00634C9,2,-22.930676,-43.574361
4122O00302C0,2,-22.936816,-43.372105
5144O00602C9,2,-22.884427,-43.571693
5144O00564C9,2,-22.878017,-43.562965
5144O00561C9,2,-22.871774,-43.559925
5144O00472C0,2,-22.94607,-43.57675
3048O00024C9,2,-22.80881,-43.3072
3048O00023C0,2,-22.809863,-43.308671
3048O00022C9,2,-22.81274,-43.30922
3048O00021C9,2,-22.81504,-43.30996
3048O00020C9,2,-22.817278,-43.31384
3048O00016C9,2,-22.81444,-43.30122
3048O00015C9,2,-22.81251,-43.30144
3048O00014C9,2,-22.80953,-43.30225
3048O00013C9,2,-22.80785,-43.30432
5144O00470C0,2,-22.942826,-43.577455
5144O00449C9,2,-22.893643,-43.584517
4124O00004C0,2,-22.898012,-43.352228
5144O00447C9,2,-22.892273,-43.582405
5144O00446C9,2,-22.890987,-43.579919
5144O00444C9,2,-22.889483,-43.579589
5144O00442C9,2,-22.887788,-43.579412
5144O00255C9,2,-22.883954,-43.565638
5144O00254C0,2,-22.88408,-43.5641
5144O00253C9,2,-22.879689,-43.56333
5144O00252C9,2,-22.875447,-43.561285
4124O00031C0,2,-22.90189,-43.34779
5144O00471C0,2,-22.94421,-43.577301
3046BB0074U2,2,-22.815139,-43.291352
3046BB0073U1,2,-22.814729,-43.292972
3044O00070C0,2,-22.836027,-43.28362
3047O00035C2,2,-22.822283,-43.313453
3047O00031C0,2,-22.824357,-43.310943
3047O00030C0,2,-22.82352,-43.30911
3047O00027C0,2,-22.8216,-43.3071
3047O00025C0,2,-22.81996,-43.30562
3047O00010C0,2,-22.81608,-43.30169
5151O00085C9,2,-22.961353,-43.61236
3041O00018C2,2,-22.85112,-43.2558
3041O00017C2,2,-22.852332,-43.254572
3043O00110C0,2,-22.836905,-43.282531
3043O00016C0,2,-22.83466,-43.28109
3043O00015C0,2,-22.83622,-43.27909
5144O00259C9,2,-22.884636,-43.579696
5144O00258C9,2,-22.882537,-43.580371
4127O00061C0,2,-22.99186,-43.30226
4127O00046C0,2,-22.98731,-43.32881
4127O00038C0,2,-22.986843,-43.306825
4127O00037C0,2,-22.986706,-43.303346
4127O00036C9,2,-22.98869,-43.30136
4127O00034C0,2,-22.99325,-43.30288
4127O00033C0,2,-22.995489,-43.30392
5144O00257C9,2,-22.884244,-43.569327
5144O00256C9,2,-22.883497,-43.567393
5144O00250C9,2,-22.869987,-43.559945
5144O00249C9,2,-22.868554,-43.561076
5144O00248C9,2,-22.866618,-43.561787
5144O00245C0,2,-22.892937,-43.58634
4127O00090C0,2,-22.993579,-43.32125
4127O00087C0,2,-22.997121,-43.314935
4127O00084C0,2,-22.996261,-43.313388
4127O00083C0,2,-22.9897,-43.31144
4127O00076C0,2,-23.000375,-43.304596
4127O00075C0,2,-23.00432,-43.30419
5144O00260C9,2,-22.886398,-43.579321
3041O00016C2,2,-22.8531,-43.25309
3041O00015C2,2,-22.85639,-43.25223
3040O00052C2,2,-22.867246,-43.255591
3042BB0117U1,2,-22.836531,-43.258812
3042BB0116U2,2,-22.837332,-43.257326
5151O00212C0,2,-22.957753,-43.605147
5144O00140C9,2,-22.934277,-43.577134
5144O00139C9,2,-22.933006,-43.575501
5144O00138C0,2,-22.93205,-43.57471
5144O00100C0,2,-22.8916,-43.58892
4127O00114C0,2,-22.973949,-43.329184
4127O00111C0,2,-22.988471,-43.324419
4127O00110C0,2,-22.989247,-43.322303
4127O00109C0,2,-22.992358,-43.32111
4127O00108C0,2,-22.995115,-43.320229
4127O00106C0,2,-22.99724,-43.319511
4127O00104C0,2,-22.987414,-43.309054
4127O00102C0,2,-22.986617,-43.305348
4127O00098C9,2,-22.987753,-43.310016
5144O00083C0,2,-22.88316,-43.57696
5144O00082C9,2,-22.883658,-43.574206
3039BB0036U2,2,-22.884649,-43.235697
2031O00027C0,2,-22.998969,-43.250769
4128O00003C1,2,-23.000458,-43.417253
2gyu,2,-22.909873,-43.181997
3040O00022C2,2,-22.85765,-43.25244
3040O00021C2,2,-22.86021,-43.2537
3040O00020C2,2,-22.861646,-43.253842
3040O00019C0,2,-22.86276,-43.25348
3040O00018C0,2,-22.86318,-43.25283
3040O00017C0,2,-22.86552,-43.25368
3040O00016C0,2,-22.86929,-43.25432
3040O00007C0,2,-22.87178,-43.24924
3040O00003C2,2,-22.86772,-43.25684
5151O00336C0,2,-22.955618,-43.576295
5151O00216C0,2,-22.961702,-43.608341
5151O00214C0,2,-22.961404,-43.605739
2030O00004C0,2,-22.991075,-43.23253
2030O00002C0,2,-22.99528,-43.2351
2030O00001C0,2,-22.9973,-43.23761
2031O00028C0,2,-22.993801,-43.252995
2031O00024C0,2,-22.993995,-43.253922
2031O00015C0,2,-22.996291,-43.255176
2031O00012C0,2,-22.99738,-43.25754
2033O00132C0,2,-22.9253,-43.23282
2033O00021S0,2,-22.916428,-43.227624
2031O00006C0,2,-22.99899,-43.25127
5151O00246C9,2,-22.964495,-43.619137
5151O00245C9,2,-22.96393,-43.616368
5151O00217C0,2,-22.96154,-43.6104
3040BB0059U1,2,-22.865128,-43.247783
3040BB0058U2,2,-22.866725,-43.247606
3039BB0037U1,2,-22.88344,-43.236818
4128O00174C0,2,-23.008067,-43.303417
4128O00033C0,2,-23.008462,-43.303731
4128O00139C0,2,-23.007424,-43.306098
4128O00107C0,2,-23.003938,-43.428408
4128O00106C0,2,-23.002707,-43.424719
4128O00105C0,2,-22.999656,-43.41223
4128O00104C0,2,-22.999431,-43.407351
4128O00103C0,2,-22.999665,-43.402786
4128O00100C0,2,-23.00006,-43.38769
4128O00097C0,2,-23.000049,-43.384509
2030O00012C0,2,-22.994692,-43.234484
2030O00011C0,2,-22.992068,-43.23359
2030O00010C0,2,-23.000162,-43.243597
2030O00009C0,2,-22.99725,-43.23784
2030O00008C0,2,-22.991952,-43.233799
2030O00007C0,2,-22.990922,-43.232441
2025O00061C0,2,-22.986826,-43.201243
2025O00060C0,2,-22.986671,-43.199305
2025O00038C0,2,-22.984883,-43.198536
2025O00032C0,2,-22.9874,-43.1966
2025O00030C0,2,-22.98735,-43.19214
2025O00016C0,2,-22.986268,-43.207602
4130O00023C0,2,-22.98233,-43.464057
4130O00022C0,2,-22.985374,-43.460153
4130O00021C0,2,-22.98823,-43.45475
4130O00010C0,2,-22.991363,-43.451338
4130O00007C0,2,-22.986079,-43.457484
4130O00001C0,2,-22.987688,-43.48532
4128O00207C0,2,-22.999952,-43.392958
4128O00206C0,2,-22.999932,-43.380227
4128O00196C0,2,-22.999849,-43.396365
4128O00195C0,2,-22.999797,-43.370987
4131O00068C0,2,-22.978371,-43.502204
5142O00075C9,2,-22.88261,-43.487531
5142O00073C0,2,-22.89745,-43.48689
5142O00070C0,2,-22.87891,-43.49121
4131O00038C0,2,-22.991369,-43.504637
4131O00037C0,2,-22.987296,-43.503827
4131O00035C0,2,-22.984652,-43.506119
4131O00034C0,2,-22.9822,-43.506235
4131O00030C0,2,-22.976331,-43.494694
4131O00016C0,2,-22.977487,-43.499781
2026O00112C9,2,-22.986893,-43.220334
2026O00098C0,2,-22.98693,-43.22221
2026O00096C0,2,-22.988694,-43.228114
2026O00053C0,2,-22.97901,-43.22225
2026O00016C0,2,-22.98629,-43.21709
2026O00001C0,2,-22.98757,-43.22467
4131O00041C0,2,-23.004557,-43.510753
4131O00039C0,2,-22.995248,-43.507913
4132O00013C9,2,-23.008469,-43.445266
4132O00010C0,2,-23.012105,-43.462414
4131O00010C0,2,-22.99214,-43.506012
4130O00030C0,2,-22.993427,-43.447361
4130O00029C0,2,-22.986839,-43.488927
4130O00028C0,2,-22.98752,-43.48362
4130O00027C0,2,-22.987715,-43.481076
4130O00026C0,2,-22.98689,-43.47726
4130O00025C0,2,-22.983889,-43.471346
4130O00024C0,2,-22.982452,-43.467776
4131O00072C0,2,-23.002141,-43.510254
4131O00071C0,2,-23.000165,-43.508909
4131O00070C0,2,-22.996647,-43.508187
4131O00069C0,2,-22.980344,-43.506052
2025O00011S0,2,-22.984783,-43.195964
2025O00008S0,2,-22.984079,-43.194256
2025O00004C0,2,-22.986269,-43.211736
2024O00140C0,2,-22.973667,-43.186047
2024O00139C0,2,-22.98351,-43.189451
2024O00138C0,2,-22.98206,-43.18997
2024O00137C0,2,-22.9795,-43.1895
2024O00136C0,2,-22.97779,-43.18889
2024O00135C0,2,-22.97629,-43.1882
2024O00134C0,2,-22.97277,-43.18573
2024O00133C0,2,-22.970706,-43.183562
2024O00131C0,2,-22.968873,-43.180922
2024O00129C0,2,-22.966789,-43.177345
2024O00125C0,2,-22.98536,-43.18891
4131O00061C0,2,-23.011782,-43.513755
4131O00060C0,2,-23.009673,-43.511868
5134O00005C9,2,-22.854904,-43.383597
4132O00133C0,2,-23.020922,-43.521147
4132O00129C0,2,-23.022711,-43.521037
5142O00008C9,2,-22.882037,-43.482647
4132O00122C0,2,-22.997027,-43.450185
4132O00121C0,2,-22.999049,-43.451768
4132O00120C0,2,-23.005945,-43.457389
4132O00083C0,2,-23.020344,-43.521113
4132O00082C0,2,-23.018763,-43.520269
4132O00079C0,2,-23.00102,-43.45343
4132O00054C0,2,-23.01186,-43.458396
4132O00053C0,2,-23.01122,-43.455881
4132O00052C0,2,-23.01046,-43.4531
4132O00051C0,2,-23.00959,-43.44967
4132O00050C0,2,-23.00805,-43.44359
4131O00066C0,2,-22.983409,-43.48936
2024O00078C0,2,-22.986266,-43.192671
2024O00073C0,2,-22.965785,-43.174538
2024O00072C0,2,-22.967821,-43.178528
2024O00071C0,2,-22.96915,-43.18073
2024O00070C0,2,-22.971253,-43.183586
2024O00069C0,2,-22.97589,-43.18755
2024O00068C0,2,-22.97858,-43.1888
2024O00050C0,2,-22.963549,-43.17452
2024O00038S0,2,-22.96827,-43.18313
2024O00036S0,2,-22.97361,-43.18856
2024O00034S0,2,-22.983611,-43.193179
2025O00029C0,2,-22.986487,-43.207712
2025O00018C0,2,-22.985964,-43.213282
2024O00013S0,2,-22.983389,-43.192411
5141O00277C0,2,-22.87913,-43.4689
5141O00264C9,2,-22.879971,-43.478288
6oh1,2,-22.993135,-43.507138
5gjm,2,-22.979301,-43.504875
1012O00035C9,2,-22.898993,-43.239452
5134O00022C9,2,-22.853366,-43.384669
2020O00050C0,2,-22.95124,-43.18231
2024O00015S0,2,-22.97243,-43.18779
2024O00014S0,2,-22.97936,-43.19089
2024O00011S0,2,-22.96685,-43.17974
2024O00010S0,2,-22.96959,-43.18506
2024O00008S0,2,-22.977503,-43.190416
2024O00007S0,2,-22.98239,-43.19094
2020O00137C0,2,-22.955002,-43.178405
2020O00136C0,2,-22.949609,-43.180646
2024O00128C0,2,-22.96563,-43.17505
2024O00126C0,2,-22.983903,-43.189781
2024O00098S0,2,-22.965,-43.17623
a5us,2,-22.871928,-43.246761
9ffm,2,-22.975556,-43.331032
90jq,2,-22.970187,-43.334596
8oqn,2,-22.991023,-43.321248
80z2,2,-22.807653,-43.32175
1161O00019S0,2,-22.91129,-43.18621
1012O00036C9,2,-22.89905,-43.23663
5135O00022C9,2,-22.88447,-43.40385
5135O00009C9,2,-22.867836,-43.406558
5135O00008C9,2,-22.866781,-43.404414
5135O00007C9,2,-22.865645,-43.402078
5135O00006C9,2,-22.864455,-43.399626
5135O00005C9,2,-22.862793,-43.396208
5141O00044C9,2,-22.879609,-43.456474
5141O00043C9,2,-22.879638,-43.45827
7uqu,2,-22.899551,-43.211058
5140O00038C9,2,-22.885582,-43.44346
5141O00042C9,2,-22.879705,-43.4631
5141O00033C9,2,-22.880703,-43.480071
5141O00031C9,2,-22.879357,-43.476893
5141O00030C9,2,-22.878237,-43.474677
5137O00012C9,2,-22.885748,-43.397508
5137O00011C9,2,-22.886543,-43.392907
5137O00001C9,2,-22.884749,-43.405217
elyv,2,-22.971714,-43.33331
e3ju,2,-22.981331,-43.490447
dhos,2,-22.999869,-43.376974
dg5y,2,-22.82034,-43.392077
d8wp,2,-22.973659,-43.333401
bop0,2,-22.899158,-43.211514
au3n,2,-22.96399,-43.335019
1010O00054C0,2,-22.89716,-43.22196
hvea,2,-22.915135,-43.601426
gdn7,2,-22.939158,-43.33681
1010O00109C0,2,-22.897982,-43.217549
1010O00105C0,2,-22.90735,-43.221704
1010O00100C0,2,-22.904526,-43.219472
1010O00086C0,2,-22.89585,-43.21893
1010O00084C0,2,-22.8993,-43.21664
1010O00082C0,2,-22.90233,-43.2125
fze2,2,-22.940808,-43.339241
5141O00016C9,2,-22.884982,-43.464803
5141O00015C9,2,-22.883057,-43.464827
5141O00014C9,2,-22.88039,-43.464867
5141O00009C9,2,-22.875437,-43.461752
5141O00008C9,2,-22.875651,-43.457262
5137O00032C9,2,-22.88511,-43.40259
5140O00085C9,2,-22.89437,-43.4518
og0e,2,-22.829791,-43.39213
n7vj,2,-22.820689,-43.324472
m76j,2,-22.911069,-43.658943
1010O00073C0,2,-22.901864,-43.216433
1010O00059C9,2,-22.90004,-43.22381
1010O00055C0,2,-22.899433,-43.222963
5140O00034C9,2,-22.893027,-43.450521
5140O00015C9,2,-22.878122,-43.44814
5140O00014C9,2,-22.879552,-43.451761
5140O00013C9,2,-22.879595,-43.454232
5140O00010C9,2,-22.87723,-43.446017
5140O00006C9,2,-22.876345,-43.454027
5140O00005C9,2,-22.876188,-43.451069
5140O00004C9,2,-22.876396,-43.449287
5140O00003C9,2,-22.87609,-43.44828
i0a0,2,-22.853878,-43.383693
5139O00055C9,2,-22.87894,-43.42575
v5je,2,-22.827812,-43.392167
1005O00060C0,2,-22.90623,-43.193405
1005O00019S0,2,-22.90609,-43.19353
1005O00146S0,2,-22.9124,-43.18938
1005O00228C0,2,-22.90881,-43.17938
1005O00226C0,2,-22.91219,-43.19057
1005O00225C0,2,-22.90958,-43.19173
1005O00224C0,2,-22.9078,-43.19226
1005O00198C0,2,-22.9044,-43.18332
1005O00254C0,2,-22.9132,-43.17733
1005O00150S0,2,-22.90454,-43.18876
1005O00238S0,2,-22.909,-43.17926
1010BB0128P2,2,-22.898422,-43.211546
1010BB0127P1,2,-22.897883,-43.211935
1010BB0118U1,2,-22.894278,-43.215368
3099O00014C9,2,-22.804647,-43.202851
3099O00010C0,2,-22.8117,-43.19288
3099O00035C0,2,-22.815231,-43.206416
3099O00032C0,2,-22.816719,-43.204575
3099O00029C0,2,-22.81906,-43.19321
3099O00028C0,2,-22.81873,-43.1946
3099O00027C0,2,-22.8185,-43.19617
3099O00025C9,2,-22.818564,-43.198028
3099O00024C0,2,-22.81836,-43.2025
3099O00022C9,2,-22.81278,-43.20784
v454,2,-22.985306,-43.626776
uz1p,2,-22.954423,-43.178733
t6h9,2,-22.961471,-43.334745
rf6y,2,-22.998639,-43.256642
qy18,2,-22.97183,-43.331991
v8sf,2,-22.993558,-43.59754
zz06,1,-22.908018,-43.567022
1005O00020S0,1,-22.90723,-43.18272
1005O00057S0,1,-22.90319,-43.18456
1010O00040C0,1,-22.906357,-43.220639
1010O00038C0,1,-22.908374,-43.231002
pby1,1,-23.029739,-43.480209
ot2x,1,-22.824519,-43.349418
oqnh,1,-22.909826,-43.661218
o25h,1,-22.853915,-43.38417
nphp,1,-22.827056,-43.409892
ln65,1,-22.908343,-43.231313
ld0u,1,-22.988649,-43.324395
1010O00072C0,1,-22.904485,-43.214703
1010O00071C0,1,-22.90061,-43.21746
1010O00070C9,1,-22.90052,-43.22503
1010O00068C9,1,-22.899786,-43.228369
1010O00067C9,1,-22.90022,-43.23003
1010O00066C0,1,-22.900648,-43.232294
1010O00057C0,1,-22.898528,-43.219336
5139O00100C9,1,-22.890458,-43.424903
5139O00099C9,1,-22.889743,-43.423923
5139O00098C9,1,-22.8907,-43.421204
5139O00097C9,1,-22.892281,-43.419071
5139O00096C9,1,-22.891928,-43.417455
5139O00095C9,1,-22.890831,-43.41609
5139O00084C0,1,-22.88676,-43.42338
5139O00083C9,1,-22.883191,-43.408671
5139O00081C9,1,-22.880228,-43.414092
5139O00080C9,1,-22.878425,-43.422218
5139O00075C9,1,-22.889453,-43.414481
5139O00074C9,1,-22.891066,-43.416187
5139O00073C9,1,-22.892542,-43.418748
5139O00071C9,1,-22.889783,-43.422213
5139O00070C9,1,-22.890526,-43.424733
5139O00069C9,1,-22.88916,-43.426982
5139O00144C9,1,-22.88912,-43.428127
5139O00143C0,1,-22.89286,-43.43241
5139O00142C9,1,-22.893948,-43.435285
5139O00141C9,1,-22.896704,-43.438743
5139O00140C9,1,-22.898192,-43.440362
5139O00139C9,1,-22.896681,-43.442799
5139O00137C0,1,-22.89504,-43.44296
5139O00136C0,1,-22.894213,-43.442123
5139O00135C9,1,-22.892816,-43.440794
5139O00134C0,1,-22.891736,-43.439794
5139O00133C9,1,-22.890467,-43.438607
5139O00132C9,1,-22.888856,-43.437031
5139O00105C9,1,-22.877174,-43.420981
5139O00103C0,1,-22.89353,-43.43348
5139O00102C9,1,-22.890433,-43.429707
5139O00101C9,1,-22.889247,-43.426702
5139O00026C9,1,-22.898166,-43.440612
5139O00025C9,1,-22.896727,-43.438963
5139O00192C9,1,-22.884623,-43.40678
5139O00191C9,1,-22.886563,-43.411454
5139O00190C9,1,-22.885924,-43.409436
5139O00189C9,1,-22.884755,-43.406756
5139O00188C9,1,-22.886281,-43.409845
5139O00187C9,1,-22.886659,-43.411433
5139O00186C9,1,-22.887477,-43.412855
5139O00185C9,1,-22.89056,-43.42151
5139O00184C9,1,-22.890325,-43.425923
5139O00183C9,1,-22.890684,-43.429849
5139O00182C9,1,-22.891944,-43.431267
5139O00181C9,1,-22.89359,-43.43336
5139O00180C9,1,-22.89545,-43.437554
5139O00179C9,1,-22.884321,-43.437942
5139O00225C2,1,-22.88633,-43.42412
5139O00216C9,1,-22.88924,-43.414508
5139O00210C9,1,-22.8919,-43.41723
5139O00209C9,1,-22.89665,-43.442713
5139O00208C9,1,-22.897703,-43.44177
5139O00207C9,1,-22.88575,-43.43675
5139O00201C9,1,-22.887707,-43.435794
5139O00200C9,1,-22.891759,-43.43967
5139O00199C9,1,-22.895116,-43.437342
5139O00198C9,1,-22.893673,-43.435615
5139O00197C0,1,-22.892028,-43.431519
5139O00196C9,1,-22.889129,-43.428259
5139O00195C9,1,-22.89003,-43.425969
5139O00194C9,1,-22.889406,-43.422396
5139O00193C9,1,-22.887574,-43.413233
5139O00027C9,1,-22.897642,-43.441722
5138O00012C9,1,-22.87783,-43.41814
5138O00011C9,1,-22.87854,-43.415371
5138O00010C9,1,-22.88099,-43.41263
5138O00009C9,1,-22.882158,-43.410198
5138O00008C9,1,-22.878273,-43.417266
5138O00007C9,1,-22.87038,-43.41161
5138O00006C9,1,-22.87189,-43.41539
5138O00005C9,1,-22.873166,-43.416973
5138O00004C9,1,-22.87465,-43.41906
5138O00003C9,1,-22.87246,-43.41634
5138O00002C9,1,-22.87139,-43.41494
5138BL0001U1,1,-22.868115,-43.413115
5137O00036C9,1,-22.887673,-43.386274
5137O00035C9,1,-22.886096,-43.380191
5139O00252C9,1,-22.885491,-43.408598
5139O00250C9,1,-22.88815,-43.424113
5140O00077C9,1,-22.885789,-43.443776
5140O00076C9,1,-22.884491,-43.442567
5140O00074C0,1,-22.893712,-43.45372
5140O00041C9,1,-22.882242,-43.440311
5140O00040C9,1,-22.88372,-43.44169
5140O00039C9,1,-22.884564,-43.4425
5140O00036C9,1,-22.890083,-43.447729
5140O00035C9,1,-22.89148,-43.44904
5140O00029C0,1,-22.88717,-43.454811
5140O00028C0,1,-22.890245,-43.45444
5140O00026C0,1,-22.893639,-43.453633
5140O00024C9,1,-22.893034,-43.450655
5140O00023C9,1,-22.889841,-43.447617
5140O00022C9,1,-22.888208,-43.446082
5138O00082C9,1,-22.882367,-43.410413
5138O00025C9,1,-22.87025,-43.41333
5137O00025C0,1,-22.90466,-43.37994
5137O00024C0,1,-22.890771,-43.390766
5137O00023C0,1,-22.892465,-43.394203
5137O00022C0,1,-22.903666,-43.380887
5137O00021C0,1,-22.9,-43.38358
5137O00020C0,1,-22.89911,-43.39002
5137O00019C0,1,-22.8994,-43.39567
5137O00018C0,1,-22.89386,-43.39716
5137O00017C0,1,-22.8916,-43.39456
5140O00098C9,1,-22.88377,-43.441874
5140O00097C9,1,-22.882419,-43.440604
5140O00090C0,1,-22.8882,-43.454335
5140O00087C9,1,-22.8913,-43.44899
5140O00086C9,1,-22.894165,-43.45171
5140O00084C0,1,-22.89294,-43.45364
5140O00078C9,1,-22.88678,-43.444707
5137BL0001X1,1,-22.88598,-43.400652
5136O00010C9,1,-22.882127,-43.375681
5136O00008C9,1,-22.88424,-43.375846
5135O00041C9,1,-22.882854,-43.408842
5135O00040C9,1,-22.868933,-43.408813
5135O00023C9,1,-22.88408,-43.40603
5141O00020C9,1,-22.886245,-43.478922
5141O00019C9,1,-22.886067,-43.473072
5141O00018C9,1,-22.88603,-43.471874
5141O00017C9,1,-22.885858,-43.466103
5137O00034C0,1,-22.90673,-43.37997
5137O00033C9,1,-22.895994,-43.398311
5137O00029C0,1,-22.897,-43.397889
5137O00028C0,1,-22.899222,-43.395109
5137O00027C0,1,-22.89873,-43.38951
5137O00026C0,1,-22.90035,-43.38246
5141O00052C9,1,-22.886038,-43.469121
5141O00051C9,1,-22.886118,-43.471661
5141O00050C9,1,-22.88625,-43.47554
5141O00049C9,1,-22.886275,-43.476552
5141O00048C9,1,-22.88632,-43.47819
5141O00047C9,1,-22.886374,-43.479949
5141O00046C9,1,-22.88658,-43.48075
5141O00045C9,1,-22.888428,-43.480229
5141O00027C9,1,-22.87843,-43.4636
5137O00016C0,1,-22.88961,-43.39442
5137O00015C9,1,-22.886312,-43.379044
5137O00013C0,1,-22.88798,-43.394437
5137O00008C0,1,-22.887946,-43.390189
5137O00005C9,1,-22.887785,-43.384983
5137O00004C9,1,-22.886922,-43.391777
5137O00002C9,1,-22.885604,-43.399863
5135O00020C9,1,-22.860096,-43.390301
5135O00019C9,1,-22.862334,-43.394883
5135O00018C9,1,-22.863259,-43.396796
5135O00017C9,1,-22.864106,-43.398541
5135O00016C9,1,-22.866031,-43.402503
5135O00015C9,1,-22.868045,-43.406631
5135O00014C9,1,-22.868995,-43.408586
5135O00010C9,1,-22.86977,-43.410512
5141O00083C9,1,-22.86482,-43.4662
5141O00077C0,1,-22.885277,-43.461404
5141O00076C0,1,-22.88522,-43.45941
5141O00075C0,1,-22.88527,-43.456858
5141O00058C9,1,-22.880212,-43.463576
5141O00057C9,1,-22.88165,-43.463553
5141O00056C9,1,-22.884433,-43.463518
5141O00055C9,1,-22.88589,-43.46397
5134O00052C0,1,-22.851363,-43.393697
5134O00050C0,1,-22.848811,-43.395608
5134O00049C0,1,-22.846992,-43.39621
5134O00039C9,1,-22.858985,-43.375228
5134O00033C0,1,-22.854002,-43.390142
5134O00024C9,1,-22.856516,-43.38627
5134O00019C9,1,-22.856182,-43.385422
5134O00010C9,1,-22.857757,-43.38155
5141O00129C0,1,-22.87346,-43.46694
5141O00128C0,1,-22.87342,-43.46536
5141O00127C0,1,-22.870429,-43.465049
5141O00126C0,1,-22.867136,-43.465107
5141O00102C9,1,-22.862464,-43.465925
5141O00101C9,1,-22.859543,-43.465502
5141O00099C9,1,-22.88068,-43.4688
5141O00098C0,1,-22.883128,-43.468789
4r7b,1,-22.813429,-43.35975
4132O00145C0,1,-23.016261,-43.46039
4132O00127C0,1,-23.021055,-43.521077
4132O00126C0,1,-23.023323,-43.520791
5141O00261C9,1,-22.885906,-43.467921
5141O00259C0,1,-22.8862,-43.47387
5141O00258C0,1,-22.89088,-43.454784
5141O00253C9,1,-22.87584,-43.46362
5141O00176C0,1,-22.88859,-43.454481
5141O00175C9,1,-22.887064,-43.455222
5141O00174C0,1,-22.88557,-43.45666
5141O00173C9,1,-22.885338,-43.459394
5141O00172C0,1,-22.885375,-43.461007
5141O00171C0,1,-22.885145,-43.463242
5141O00164C0,1,-22.8787,-43.47352
5134O00053C0,1,-22.85512,-43.386938
4132O00034C0,1,-23.01436,-43.46111
4132O00032C0,1,-23.020491,-43.458783
4132O00030C0,1,-23.024365,-43.457287
4132O00029C0,1,-23.025643,-43.458769
5141O00316C9,1,-22.890136,-43.454646
5141O00314C9,1,-22.884422,-43.468793
5141O00312C9,1,-22.886171,-43.47654
5141O00308C0,1,-22.873081,-43.464998
5141O00305C0,1,-22.885244,-43.460452
5141O00290C0,1,-22.88028,-43.46641
5141O00289C0,1,-22.885007,-43.463361
5141O00288C9,1,-22.893432,-43.454824
5141O00282P0,1,-22.8749,-43.46257
5141O00262C9,1,-22.88596,-43.46957
5134BB0047P0,1,-22.853974,-43.384189
5134BB0046P0,1,-22.853769,-43.384092
4132O00024C0,1,-23.031002,-43.472337
4132O00023C0,1,-23.03048,-43.473955
4132O00022C0,1,-23.030232,-43.47701
4132O00021C0,1,-23.030379,-43.478424
4132O00015C0,1,-23.01139,-43.453352
4132O00013C0,1,-23.01263,-43.458236
5142O00021C9,1,-22.893864,-43.484528
5142O00013C9,1,-22.879291,-43.504893
5142O00012C9,1,-22.880177,-43.501231
5142O00011C9,1,-22.88142,-43.49915
5142O00007C0,1,-22.89555,-43.48649
5142O00006C0,1,-22.89378,-43.48361
5142O00005C0,1,-22.89261,-43.48154
5142O00003C0,1,-22.88901,-43.48018
5142O00002C9,1,-22.887826,-43.48049
4132O00110C0,1,-23.019145,-43.459283
4128O00224C0,1,-22.999341,-43.357856
4128O00184C0,1,-23.00346,-43.324697
4128O00183C0,1,-23.000909,-43.335715
5142O00078C9,1,-22.890585,-43.482435
5142O00077C9,1,-22.891472,-43.48415
5142O00068C9,1,-22.89321,-43.48468
5142O00067C0,1,-22.894427,-43.484602
5142O00035C0,1,-22.89546,-43.48628
5142O00023C9,1,-22.88941,-43.48017
5142O00022C9,1,-22.892026,-43.484959
4132BL0003U1,1,-23.00016,-43.42973
4132BL0001P2,1,-23.008383,-43.440424
4132BL0001P1,1,-23.008509,-43.440389
4131O00090C0,1,-22.980533,-43.490864
4132O00027C0,1,-23.027382,-43.463965
4132O00026C0,1,-23.028467,-43.46674
4128O00027C0,1,-23.00115,-43.331866
4128O00025C0,1,-23.000678,-43.339595
5144O00016C0,1,-22.91879,-43.56325
5144O00015C9,1,-22.92179,-43.56375
5144O00010C9,1,-22.92512,-43.5702
5144O00009C9,1,-22.92686,-43.57192
5144O00008C9,1,-22.928685,-43.57339
5144O00007C9,1,-22.930964,-43.574075
5143O00034C0,1,-22.87867,-43.51178
5143O00006C9,1,-22.886071,-43.520486
5143O00005C9,1,-22.88212,-43.51413
5143O00004C9,1,-22.88114,-43.511933
5143O00003C9,1,-22.880262,-43.507954
4128O00138C0,1,-23.007165,-43.310983
4128O00113C0,1,-23.012021,-43.321532
4128O00112C0,1,-23.0124,-43.31865
4128O00023C0,1,-23.000556,-43.346124
4128O00021C0,1,-23.000491,-43.349954
4128O00020C0,1,-23.000453,-43.352329
4128O00018C0,1,-23.000356,-43.357617
4128BO0176U2,1,-23.000013,-43.352481
4128BO0019P2,1,-23.0066,-43.31258
4128BO0018U2,1,-23.00327,-43.3239
4128BO0016U2,1,-23.00052,-43.33515
4128BO0011U2,1,-22.99993,-43.36131
4128BL0003U1,1,-22.97695,-43.40641
5144O00063C9,1,-22.901175,-43.544463
5144O00042C0,1,-22.902056,-43.559857
5144O00020C0,1,-22.90429,-43.55658
4128O00030C0,1,-23.004069,-43.323149
4128O00029C0,1,-23.00221,-43.327861
4128O00028C0,1,-23.00156,-43.3295
4127O00112C0,1,-22.989398,-43.32232
4127O00107C0,1,-22.994783,-43.320618
4127O00105C0,1,-22.997395,-43.319441
4127O00103C0,1,-22.986776,-43.305254
4127O00099C9,1,-22.98772,-43.30937
5144O00094C0,1,-22.91523,-43.56322
5144O00091C9,1,-22.89059,-43.58969
5144O00090C9,1,-22.888422,-43.589506
5144O00089C9,1,-22.883335,-43.588967
5144O00088C9,1,-22.88219,-43.58887
5144O00087C9,1,-22.88053,-43.58817
5144O00086C0,1,-22.8806,-43.58663
5144O00084C0,1,-22.8818,-43.58069
5144O00078C9,1,-22.893987,-43.559913
5144O00068C9,1,-22.90253,-43.56061
4128O00024C0,1,-23.000634,-43.342706
5144O00170C9,1,-22.890821,-43.559679
5144O00169C9,1,-22.887202,-43.559338
5144O00168C9,1,-22.886032,-43.558335
5144O00156C0,1,-22.93344,-43.57498
5144O00134C0,1,-22.92625,-43.57174
5144O00132C0,1,-22.924758,-43.56999
5144O00130C0,1,-22.92341,-43.5671
5144O00127C0,1,-22.922123,-43.564381
5144O00125C0,1,-22.917826,-43.563646
5144O00123C9,1,-22.91518,-43.56349
5144O00122C9,1,-22.91321,-43.5641
5144O00121C9,1,-22.91154,-43.56534
5144O00102C0,1,-22.89339,-43.58613
5144O00101C0,1,-22.89246,-43.58736
4128BL0001U1,1,-22.98957,-43.41762
4127O00113C0,1,-22.974082,-43.329534
4127O00085C0,1,-22.99633,-43.31273
4127O00082C0,1,-22.99028,-43.31144
4127O00078C0,1,-22.99048,-43.302
4127O00077C0,1,-22.98828,-43.30189
4127O00074C0,1,-23.00378,-43.30469
4127O00073C0,1,-23.00012,-43.30495
4127O00072C0,1,-22.996174,-43.304783
5144O00192C9,1,-22.901171,-43.56699
5144O00191C9,1,-22.896358,-43.563343
5144O00186C9,1,-22.88452,-43.572013
5144O00185C9,1,-22.88376,-43.57405
5144O00184C9,1,-22.881965,-43.580524
5144O00183C9,1,-22.880998,-43.584243
5144O00182C9,1,-22.880802,-43.586354
5144O00181C9,1,-22.880633,-43.58753
5144O00179C9,1,-22.88819,-43.58935
4127O00071C0,1,-22.99326,-43.30326
4127O00059C0,1,-22.977391,-43.333742
4127O00058C0,1,-22.9755,-43.33111
4127O00020C0,1,-22.986778,-43.303909
4127O00019C0,1,-22.986984,-43.306769
4127O00005C0,1,-22.987749,-43.32867
4125O00029C9,1,-22.879377,-43.374587
4125O00028C9,1,-22.877465,-43.373175
4125O00025C0,1,-22.88302,-43.36758
5144O00240C9,1,-22.882647,-43.580222
5144O00239C9,1,-22.884297,-43.579709
5144O00238C9,1,-22.886271,-43.57919
5144O00193C9,1,-22.90288,-43.56672
4127O00092C0,1,-22.992085,-43.32126
4127O00091C0,1,-22.99343,-43.32135
4127O00086C0,1,-22.997084,-43.314768
5144O00305C9,1,-22.86994,-43.55981
5144O00304C0,1,-22.872,-43.55981
5144O00301C9,1,-22.875164,-43.581145
5144O00300C9,1,-22.876641,-43.582803
5144O00299C9,1,-22.878376,-43.581776
5144O00298C9,1,-22.880046,-43.580954
5144O00270C0,1,-22.881932,-43.631153
5144O00269C0,1,-22.883239,-43.628677
5144O00268C9,1,-22.883148,-43.624596
5144O00267C0,1,-22.884852,-43.621367
5144O00266C0,1,-22.885298,-43.618833
5144O00265C0,1,-22.885819,-43.614031
5144O00264C0,1,-22.885569,-43.611287
5144O00263C0,1,-22.885235,-43.609815
5144O00262C0,1,-22.885371,-43.607289
5144O00261C0,1,-22.885944,-43.605341
5144O00414C0,1,-22.91077,-43.5646
5144O00413C0,1,-22.912782,-43.564164
5144O00412C0,1,-22.936804,-43.575821
5144O00389C0,1,-22.874287,-43.579728
5144O00373C0,1,-22.90725,-43.56431
5144O00350C9,1,-22.883621,-43.567428
5144O00349C9,1,-22.884252,-43.569111
5144O00341C9,1,-22.880409,-43.580919
5144O00340C9,1,-22.878178,-43.582114
5144O00339C9,1,-22.876404,-43.582763
5144O00338C9,1,-22.875051,-43.581226
5144O00337C9,1,-22.874707,-43.560837
5144O00336C9,1,-22.877831,-43.562819
5144O00335C9,1,-22.88077,-43.56349
5144O00330C9,1,-22.9066,-43.56553
5144O00306C9,1,-22.86813,-43.56107
4125O00004C0,1,-22.87836,-43.36964
4125O00003C0,1,-22.87997,-43.37007
4125O00002C0,1,-22.8818,-43.37091
4125O00001C0,1,-22.884747,-43.373722
4124O00058C0,1,-22.900466,-43.349828
4124O00055C0,1,-22.902442,-43.355699
4124O00054C0,1,-22.893403,-43.34911
4124O00050C0,1,-22.890381,-43.34553
4124O00048C0,1,-22.900065,-43.347602
4124O00046C0,1,-22.901318,-43.347259
4124O00033C0,1,-22.89911,-43.35167
4124O00022C0,1,-22.90419,-43.35696
4124O00021C0,1,-22.899775,-43.353918
4124O00020C0,1,-22.897859,-43.352602
5144O00417C0,1,-22.928212,-43.573308
5144O00416C9,1,-22.90914,-43.566386
4124O00019C0,1,-22.89473,-43.34983
4124O00018C0,1,-22.891,-43.3477
4124O00017C0,1,-22.89369,-43.34688
4124O00016C0,1,-22.8954,-43.34742
4124O00008C0,1,-22.896967,-43.348397
4124O00006C0,1,-22.89818,-43.350146
4124O00003C0,1,-22.901801,-43.354926
4124O00002C0,1,-22.90732,-43.357856
4123O00051P1,1,-22.915667,-43.36116
5144O00448C9,1,-22.892503,-43.58257
5144O00445C9,1,-22.890554,-43.57966
5144O00443C9,1,-22.889396,-43.579438
5144O00441C9,1,-22.888066,-43.57931
5144O00440C0,1,-22.907505,-43.561657
5144O00429C0,1,-22.9165,-43.50519
4125O00005C0,1,-22.87726,-43.36736
5144O00600C0,1,-22.928736,-43.541755
5144O00565C9,1,-22.873005,-43.56003
5144O00536C0,1,-22.87356,-43.579181
5144O00535C0,1,-22.872716,-43.580287
5144O00534C0,1,-22.868235,-43.585081
5144O00532C0,1,-22.868251,-43.584009
5144O00531C0,1,-22.872359,-43.580366
5144O00527C9,1,-22.874143,-43.579208
5144O00479C0,1,-22.88589,-43.61618
5144O00478C0,1,-22.885756,-43.612091
5144O00468C9,1,-22.923541,-43.566355
5144O00467C0,1,-22.939268,-43.576795
5144O00463C1,1,-22.90363,-43.56352
5144O00461C0,1,-22.905703,-43.558953
5144O00456C9,1,-22.907814,-43.563654
5144O00450C9,1,-22.893666,-43.584368
4123O00029C0,1,-22.908906,-43.378484
4123O00028C0,1,-22.91108,-43.37797
4123O00005C0,1,-22.91818,-43.36711
4122O00300P1,1,-22.923392,-43.374281
4122O00289C0,1,-22.9178,-43.376562
4122O00288C0,1,-22.919904,-43.375016
4122O00287C0,1,-22.920809,-43.374487
4122O00286C0,1,-22.919981,-43.375107
4122O00285C0,1,-22.918287,-43.37636
4122O00284C0,1,-22.91286,-43.4052
4122O00227C9,1,-22.923975,-43.37368
4122O00219C0,1,-22.930296,-43.373482
4122O00194C0,1,-22.92746,-43.37376
4122O00181C0,1,-22.933364,-43.372466
5144O00603C9,1,-22.890452,-43.589581
5144O00601C9,1,-22.884206,-43.564077
4122O00121C0,1,-22.915409,-43.377297
4122O00119C0,1,-22.911046,-43.378125
4122O00118C0,1,-22.909088,-43.37862
4122O00024C0,1,-22.91952,-43.36871
4122O00023C0,1,-22.92791,-43.37336
4122O00022C0,1,-22.9307,-43.37313
4122BL0001U2,1,-22.91562,-43.39807
5145O00009C9,1,-22.8988,-43.54149
5145O00008C9,1,-22.89709,-43.53955
5145O00007C9,1,-22.8955,-43.53775
5145O00004C9,1,-22.8926,-43.53011
5145O00003C9,1,-22.89029,-43.52531
5145O00002C9,1,-22.88887,-43.52249
5144O00608C9,1,-22.882223,-43.588704
5144O00605C9,1,-22.884109,-43.588939
4123O00030C0,1,-22.90719,-43.37923
3155O00003C0,1,-22.886927,-43.250822
3155O00002C0,1,-22.88517,-43.25266
3155O00001C0,1,-22.882581,-43.254845
5146O00026C9,1,-22.910045,-43.600985
5146O00025C9,1,-22.910403,-43.602822
5145O00038C9,1,-22.89365,-43.53371
4115O00146C0,1,-22.97325,-43.32921
4115BL0005U1,1,-22.94106,-43.39459
4115BL0003U1,1,-22.9632,-43.39368
4115BL0001X1,1,-22.97044,-43.40032
3ncq,1,-22.921053,-43.369656
33f2,1,-22.853739,-43.384017
3159O00001C0,1,-22.821165,-43.351175
4119BL0001U1,1,-22.952913,-43.390488
4122O00174C0,1,-22.91462,-43.38107
4122O00172C0,1,-22.934876,-43.372277
3114O00065C0,1,-22.815065,-43.381489
3114O00064C0,1,-22.81628,-43.38374
3114O00056C0,1,-22.81281,-43.37402
3114O00041C0,1,-22.81014,-43.36163
3114O00038C0,1,-22.81825,-43.35737
5146O00052C9,1,-22.907007,-43.596789
5146O00051C9,1,-22.894307,-43.594864
5146O00049C9,1,-22.91042,-43.603637
5146O00048C9,1,-22.909924,-43.601119
5146O00045C1,1,-22.894165,-43.594796
5146O00037C0,1,-22.89571,-43.59397
5146O00036C9,1,-22.89879,-43.594259
5146O00035C0,1,-22.90032,-43.59517
5146O00034C9,1,-22.903592,-43.595879
5146O00033C9,1,-22.905313,-43.596611
3157O00015C0,1,-22.847052,-43.245992
5147O00052C9,1,-22.9108,-43.60564
5147O00051C9,1,-22.914996,-43.627384
5147O00050C9,1,-22.91426,-43.62356
5147O00049C9,1,-22.91383,-43.62125
5147O00047C9,1,-22.91061,-43.61446
5147O00046C9,1,-22.907703,-43.614172
5147O00045C9,1,-22.904691,-43.613805
5147O00044C9,1,-22.904445,-43.613662
5147O00043C9,1,-22.907702,-43.613986
5147O00042C9,1,-22.910532,-43.61434
5147O00032C9,1,-22.892707,-43.609513
3114O00092C1,1,-22.804244,-43.364479
3114O00075C0,1,-22.806333,-43.36778
3114O00069C0,1,-22.808265,-43.367657
3114O00067C0,1,-22.809757,-43.370392
3114O00066C0,1,-22.810664,-43.371137
3114O00019C0,1,-22.81418,-43.37907
3114O00017C0,1,-22.82097,-43.35184
3114O00016C0,1,-22.81991,-43.35369
3114O00015C0,1,-22.81836,-43.35772
3114O00014C0,1,-22.81646,-43.35859
3114O00013C0,1,-22.81479,-43.35956
3114O00011C0,1,-22.81165,-43.36136
3114O00010C0,1,-22.81043,-43.36206
3114O00001C0,1,-22.804985,-43.364673
5147O00065C9,1,-22.887146,-43.60505
5147O00063C9,1,-22.891092,-43.60822
5147O00059C9,1,-22.91219,-43.614406
5147O00057C0,1,-22.91147,-43.60851
5147O00056C9,1,-22.912199,-43.613668
5147O00054C9,1,-22.911802,-43.61097
5147O00053C9,1,-22.91127,-43.60809
3110O00044C0,1,-22.82701,-43.34988
3110O00043C0,1,-22.82894,-43.34904
3110O00038C0,1,-22.83518,-43.341
3110O00037C0,1,-22.83246,-43.34291
5147O00089C9,1,-22.910852,-43.605218
5147O00088C9,1,-22.911958,-43.611031
5147O00085C9,1,-22.913485,-43.619544
5147O00077C9,1,-22.89638,-43.611228
5147O00075C9,1,-22.896423,-43.609725
5147O00073C9,1,-22.896436,-43.607713
5147O00072C9,1,-22.895945,-43.605058
5147O00070C9,1,-22.894111,-43.599723
5147O00068C9,1,-22.893468,-43.597393
3114O00037C0,1,-22.81952,-43.35437
3114O00031C0,1,-22.81598,-43.35826
3114O00020C0,1,-22.81377,-43.37726
3108O00041C0,1,-22.83484,-43.39556
3108O00019C0,1,-22.82707,-43.41833
5147O00101C9,1,-22.893593,-43.597399
5147O00100C9,1,-22.894245,-43.59974
5147O00097C9,1,-22.89536,-43.614913
3110O00036C0,1,-22.831528,-43.344526
3110O00035C0,1,-22.82593,-43.34897
3110O00034C0,1,-22.82522,-43.34959
3110O00030C0,1,-22.828791,-43.353941
3110O00029C0,1,-22.83075,-43.353116
3110O00025C0,1,-22.830098,-43.345669
3110O00024C0,1,-22.82873,-43.34651
3110O00023C0,1,-22.82753,-43.34757
3111O00008C1,1,-22.827896,-43.343326
3111O00005C0,1,-22.825911,-43.348179
3110O00062C2,1,-22.834764,-43.340982
3108O00005C0,1,-22.82937,-43.39916
3108O00004C0,1,-22.83051,-43.39779
3107O00065C0,1,-22.824887,-43.405223
3107O00063C0,1,-22.826131,-43.405601
3107O00062C0,1,-22.82856,-43.40628
3107O00060C0,1,-22.83101,-43.40686
3107O00059C0,1,-22.82613,-43.417131
3107O00058C0,1,-22.824833,-43.41455
5148O00035C9,1,-22.915734,-43.631757
5148O00021C9,1,-22.915712,-43.652133
5148O00020C0,1,-22.91449,-43.65396
3110BB0057U1,1,-22.832059,-43.353628
3110BB0056U2,1,-22.831488,-43.352099
3109O00035C0,1,-22.83783,-43.39746
3109O00033C0,1,-22.83952,-43.39862
3109O00032C0,1,-22.843278,-43.397868
3101O00031C0,1,-22.795647,-43.182873
5148O00078C9,1,-22.884743,-43.639948
5148O00045C9,1,-22.91841,-43.65158
5148O00039C0,1,-22.889193,-43.634678
5148O00038C0,1,-22.88837,-43.63281
5148O00037C0,1,-22.88806,-43.63026
3106BB0062U1,1,-22.841193,-43.37096
3106BB0055U1,1,-22.845459,-43.377886
3104O00035C0,1,-22.815133,-43.221911
3104O00034C0,1,-22.811417,-43.217675
3107O00027C0,1,-22.82465,-43.41161
3107O00002C0,1,-22.82331,-43.40649
3107O00001C0,1,-22.82332,-43.40495
3108O00012C0,1,-22.831322,-43.419642
3108O00007C0,1,-22.825555,-43.402291
3108O00006C0,1,-22.82737,-43.40085
3099O00034C0,1,-22.818682,-43.199557
3099O00033C0,1,-22.818359,-43.196774
3099O00030C9,1,-22.81636,-43.18811
3099O00023C0,1,-22.81534,-43.206216
5148O00094C9,1,-22.918219,-43.651715
5148O00092C0,1,-22.88717,-43.63843
5148O00090C0,1,-22.91233,-43.65718
5148O00079C0,1,-22.883996,-43.639137
3104O00026C0,1,-22.825297,-43.23298
3104O00025C0,1,-22.832316,-43.238251
3104O00023C0,1,-22.808068,-43.261066
3104O00021C0,1,-22.809756,-43.25924
3104O00004C0,1,-22.832564,-43.242569
3104O00002C0,1,-22.82164,-43.229104
3104O00001C0,1,-22.81746,-43.22438
3103O00003C9,1,-22.805543,-43.212054
3097OY0009C9,1,-22.78768,-43.18416
5148O00120C9,1,-22.892684,-43.626686
5148O00112C9,1,-22.913944,-43.654747
5148O00111C9,1,-22.9131,-43.65605
5148O00106C0,1,-22.87211,-43.62524
3099O00012C9,1,-22.81514,-43.18903
3099O00009C0,1,-22.81886,-43.2016
3099O00007C0,1,-22.808416,-43.207472
3099O00006C0,1,-22.81083,-43.20869
3099O00005C9,1,-22.812863,-43.207504
3099O00004C0,1,-22.816406,-43.205017
3099O00003C0,1,-22.817243,-43.203019
3101O00018C0,1,-22.79528,-43.18039
3101O00017C0,1,-22.79778,-43.18386
3101O00016C0,1,-22.79965,-43.18282
3099O00036C0,1,-22.806818,-43.207417
3096O00006C0,1,-22.807558,-43.181721
3095O00007C0,1,-22.809538,-43.183189
3094O00011C0,1,-22.816895,-43.185533
3094O00010C0,1,-22.81906,-43.183021
3094O00009C0,1,-22.82046,-43.180934
3094O00002C0,1,-22.819477,-43.18254
5148O00137C1,1,-22.91829,-43.651731
3099O00002C0,1,-22.818649,-43.194307
3099O00001C0,1,-22.8199,-43.19006
3098O00023C0,1,-22.789156,-43.16154
3098O00022C0,1,-22.790245,-43.166008
3098O00021C0,1,-22.789254,-43.163952
3098O00010C0,1,-22.79105,-43.16791
3098O00009C0,1,-22.79232,-43.16946
3098O00008C0,1,-22.79366,-43.17077
3098O00007C0,1,-22.794593,-43.173148
3094O00001C0,1,-22.82018,-43.17935
3093O00015C0,1,-22.811274,-43.189955
3093O00009C0,1,-22.81916,-43.18849
3093O00008C0,1,-22.81825,-43.18809
3093O00007C0,1,-22.811081,-43.184631
3093O00006C0,1,-22.810854,-43.187214
3093O00002C9,1,-22.81473,-43.18829
3093O00001C0,1,-22.81645,-43.18615
3092O00002C0,1,-22.82035,-43.17762
3092O00001C0,1,-22.82204,-43.17705
3097OY0008C9,1,-22.78872,-43.1831
3097O00026C2,1,-22.790684,-43.181062
3097O00014C0,1,-22.79537,-43.17736
3096O00012C0,1,-22.801387,-43.182158
3096O00008C0,1,-22.804597,-43.18131
3096O00007C0,1,-22.806285,-43.181863
3091O00001C0,1,-22.825,-43.17082
3090O00080C2,1,-22.865641,-43.373783
3090O00078C2,1,-22.86849,-43.37547
3090O00046C9,1,-22.86506,-43.37345
3090O00045C0,1,-22.86708,-43.37469
5149O00053C9,1,-22.948775,-43.681067
5149O00052C9,1,-22.9464,-43.68148
5149O00051C9,1,-22.94459,-43.68238
5149O00050C9,1,-22.94223,-43.684
5149O00049C9,1,-22.93857,-43.68653
5149O00048C9,1,-22.93526,-43.68879
5149O00047C9,1,-22.93096,-43.68947
5149O00046C0,1,-22.92811,-43.69054
5149O00045C9,1,-22.92648,-43.690912
5149O00044C9,1,-22.919904,-43.689771
5149O00043C0,1,-22.91851,-43.6877
3085O00018C0,1,-22.86161,-43.3435
3083O00086C9,1,-22.87163,-43.33592
3083O00075C0,1,-22.877277,-43.333774
3090O00040C0,1,-22.8708,-43.37536
3090O00039C9,1,-22.87439,-43.37343
3090O00035C9,1,-22.876598,-43.371499
3090O00007C9,1,-22.86091,-43.37119
3089O00012C0,1,-22.87893,-43.35733
3089O00011C0,1,-22.87806,-43.36096
3089O00010C0,1,-22.87763,-43.36446
3091O00008P0,1,-22.825578,-43.169152
3091O00006C0,1,-22.82286,-43.17117
3091O00005C0,1,-22.82428,-43.1695
3091O00004C0,1,-22.82369,-43.17484
3091O00003C0,1,-22.8245,-43.17321
3091O00002C0,1,-22.82525,-43.17214
3083O00012C0,1,-22.87903,-43.33149
3083O00003C0,1,-22.86851,-43.33486
5149O00117C9,1,-22.913709,-43.676487
5149O00099C9,1,-22.912307,-43.679215
5149O00098C9,1,-22.916247,-43.667708
5149O00097C9,1,-22.916697,-43.664093
5149O00096C9,1,-22.917307,-43.659381
5149O00095C9,1,-22.917787,-43.655588
3088O00010C0,1,-22.879961,-43.355449
3086O00076C0,1,-22.856734,-43.346909
3086O00075C0,1,-22.854689,-43.346956
3086O00030C2,1,-22.85058,-43.34513
3086O00029C0,1,-22.85283,-43.34671
3085O00029C0,1,-22.863281,-43.341523
3085O00028C0,1,-22.858988,-43.345899
3085O00019C0,1,-22.860252,-43.344801
3082O00006C0,1,-22.8818,-43.32456
3082O00005C2,1,-22.88284,-43.3224
3082O00004C1,1,-22.88256,-43.32373
5149O00149C9,1,-22.90998,-43.66315
5149O00148C9,1,-22.91108,-43.67074
5149O00147C9,1,-22.910577,-43.674532
5149O00145C9,1,-22.91152,-43.67883
5149O00121C9,1,-22.917368,-43.659752
5149O00120C9,1,-22.916843,-43.664
5149O00119C9,1,-22.91625,-43.668707
5149O00118C9,1,-22.915838,-43.671776
3083O00063C0,1,-22.86989,-43.341363
3083O00062C0,1,-22.86626,-43.33435
3083O00046C0,1,-22.86501,-43.33917
3083O00040C0,1,-22.88151,-43.34207
3083O00014C0,1,-22.865393,-43.33538
3077O00012C0,1,-22.84198,-43.33661
3077O00009C0,1,-22.83734,-43.3399
3081O00004C0,1,-22.87699,-43.32421
3081O00003C0,1,-22.876735,-43.32039
3080O00008C0,1,-22.87661,-43.3186
3080O00007C0,1,-22.874366,-43.315263
3080O00005C0,1,-22.870445,-43.309982
3079O00042C2,1,-22.885103,-43.311568
3079O00041C2,1,-22.884744,-43.316116
3079O00040C2,1,-22.88498,-43.31429
3079O00002C2,1,-22.88445,-43.31751
3079O00001C2,1,-22.8835,-43.32058
3078O00029C0,1,-22.88288,-43.346556
3078O00017C0,1,-22.887332,-43.345203
3082O00010C0,1,-22.87782,-43.32906
3082O00009C0,1,-22.87774,-43.3268
3076BB0142U1,1,-22.824608,-43.333369
3074O00036C1,1,-22.840601,-43.314867
5149O00276C9,1,-22.913221,-43.684548
5149O00233C0,1,-22.88985,-43.71744
3078O00011C0,1,-22.88858,-43.34626
3078O00010C0,1,-22.88546,-43.34358
3078O00009C0,1,-22.88579,-43.34209
3078O00008C0,1,-22.88717,-43.34339
3078O00007C0,1,-22.88842,-43.34439
3078O00005C0,1,-22.88118,-43.35263
3078O00001C0,1,-22.883076,-43.344106
3077O00046C1,1,-22.839994,-43.338748
3077O00029C0,1,-22.8371,-43.33991
3077O00028C0,1,-22.839308,-43.338838
3077O00018C0,1,-22.84174,-43.33609
3077O00017C0,1,-22.831939,-43.342416
5150O00007C9,1,-22.96043,-43.69843
5150O00006C9,1,-22.95873,-43.69283
5150O00005C9,1,-22.957474,-43.690302
5150O00004C9,1,-22.956356,-43.688896
5150O00003C0,1,-22.9541,-43.68484
5150O00002C9,1,-22.95197,-43.68241
5150O00001C9,1,-22.95037,-43.68156
5149O00303C9,1,-22.916383,-43.667572
5149O00302C9,1,-22.91689,-43.662651
5149O00301C9,1,-22.917928,-43.655407
5149O00300C9,1,-22.917041,-43.662436
5149O00299C9,1,-22.916571,-43.666037
5149O00286C9,1,-22.92868,-43.69021
3076O00137C0,1,-22.828163,-43.330615
3076O00040C0,1,-22.825308,-43.332262
3076BB0170U2,1,-22.824066,-43.331618
3071O00029C0,1,-22.872629,-43.297377
3071O00028C0,1,-22.87502,-43.29707
3071O00027C0,1,-22.87638,-43.29688
3071O00026C0,1,-22.87862,-43.29549
3071O00025C0,1,-22.88006,-43.294408
3071O00007C0,1,-22.871267,-43.299302
3071O00006C2,1,-22.8842,-43.29133
3071O00005C2,1,-22.88182,-43.29431
3071O00004C2,1,-22.88341,-43.29648
5150O00019C9,1,-22.981104,-43.686183
5150O00018C9,1,-22.980485,-43.687539
5150O00017C9,1,-22.97969,-43.68921
5150O00016C9,1,-22.98478,-43.695061
5150O00010C9,1,-22.96767,-43.70629
5150O00009C9,1,-22.96415,-43.70459
5150O00008C0,1,-22.96229,-43.70078
3066O00057C0,1,-22.914455,-43.298269
3066O00047C0,1,-22.90996,-43.29674
3066O00003C2,1,-22.885668,-43.290084
3065O00005C0,1,-22.88441,-43.27719
3065O00004C0,1,-22.88591,-43.27898
3065O00003C0,1,-22.887155,-43.280679
3065O00001C0,1,-22.887738,-43.283511
3064O00002C0,1,-22.88744,-43.2864
3063O00084P0,1,-22.901902,-43.275341
3063O00060C0,1,-22.899514,-43.274123
5150O00034C9,1,-22.95518,-43.68684
3070O00001C2,1,-22.88548,-43.30031
3069O00058C2,1,-22.88672,-43.306443
3069O00057C2,1,-22.88562,-43.30967
3069O00003C2,1,-22.88646,-43.30281
3071O00033C2,1,-22.884601,-43.297845
3063O00026C0,1,-22.898211,-43.275313
3063O00016C0,1,-22.901345,-43.276066
3063O00003C0,1,-22.902407,-43.277114
3063O00002C0,1,-22.90128,-43.278356
3057O00006C0,1,-22.90591,-43.23964
3056O00025C0,1,-22.869125,-43.303903
3056O00023C0,1,-22.869328,-43.306903
3056O00009C0,1,-22.870727,-43.300299
3055O00025C0,1,-22.865491,-43.295875
3055O00019C0,1,-22.865404,-43.299333
3055O00003C0,1,-22.865417,-43.298249
5150O00086C9,1,-22.97022,-43.70866
5150O00085C9,1,-22.96635,-43.70556
5150O00054C0,1,-22.98068,-43.69078
5150O00053C9,1,-22.98131,-43.69127
5150O00051C0,1,-22.98351,-43.69304
3053O00006C0,1,-22.8822,-43.2754
3052O00003C0,1,-22.880188,-43.259389
3052O00002C1,1,-22.878337,-43.261822
3052O00001C0,1,-22.87833,-43.26397
5150O00120C2,1,-22.988638,-43.689049
5150O00118C1,1,-22.983466,-43.685158
5150O00113C9,1,-22.98304,-43.69497
5150O00112C9,1,-22.98201,-43.6968
5150O00111C9,1,-22.98221,-43.69932
5150O00110C9,1,-22.98099,-43.70139
5150O00109C9,1,-22.97878,-43.70264
5150O00108C9,1,-22.97617,-43.70329
5150O00107C9,1,-22.97432,-43.70559
5150O00106C9,1,-22.97233,-43.70731
5150O00105C9,1,-22.97124,-43.70853
3063O00049C0,1,-22.899656,-43.278906
3048O00019C9,1,-22.80929,-43.3087
3048O00018C9,1,-22.808604,-43.306992
3048O00017C9,1,-22.80782,-43.30516
3048O00006C9,1,-22.817327,-43.314138
5151O00016C9,1,-22.963221,-43.614317
5151O00010C9,1,-22.952956,-43.608629
5151O00009C9,1,-22.951448,-43.60634
5151O00008C9,1,-22.946117,-43.598064
5151O00007C9,1,-22.945043,-43.595804
5151O00006C9,1,-22.941304,-43.590885
5151O00005C9,1,-22.938573,-43.588076
5151O00003C9,1,-22.936566,-43.584446
3049O00031C2,1,-22.810677,-43.329519
3049O00003C0,1,-22.81417,-43.31822
3053O00008C0,1,-22.878863,-43.265859
3053O00007C0,1,-22.881083,-43.272751
3047O00011C0,1,-22.81475,-43.29625
5151O00103C9,1,-22.935087,-43.579477
5151O00102C9,1,-22.935264,-43.579557
5151O00100C9,1,-22.93621,-43.583388
5151O00099C9,1,-22.938066,-43.587243
5151O00097C9,1,-22.940457,-43.589791
5151O00096C9,1,-22.94319,-43.592798
5151O00095C9,1,-22.942998,-43.592356
5151O00094C9,1,-22.943991,-43.593712
5151O00093C9,1,-22.945357,-43.596122
5151O00092C9,1,-22.946903,-43.599539
5151O00091C9,1,-22.948624,-43.603775
5151O00090C9,1,-22.94957,-43.604284
5151O00089C9,1,-22.952012,-43.6067
5151O00088C9,1,-22.952685,-43.607718
5151O00084C9,1,-22.964027,-43.616193
3040O00036C0,1,-22.86785,-43.254
3040O00035C9,1,-22.86719,-43.25178
3041O00012C0,1,-22.84983,-43.24768
3041BC0002U2,1,-22.85471,-43.25364
3041BC0002U1,1,-22.8548,-43.25366
3040O00044C0,1,-22.866433,-43.249743
3043BC0003U2,1,-22.84138,-43.27679
3042BC0001U2,1,-22.8485,-43.26544
3042BC0001U1,1,-22.84856,-43.26549
3043O00097C0,1,-22.84174,-43.27958
3043O00063C9,1,-22.84233,-43.27742
3048O00005C9,1,-22.81517,-43.31049
3048O00004C9,1,-22.81234,-43.30927
3048O00003C9,1,-22.80787,-43.30395
3048O00002C9,1,-22.81,-43.30168
3048O00001C9,1,-22.81348,-43.30113
2033O00198C0,1,-22.92259,-43.23193
2033O00197C0,1,-22.92174,-43.2297
2033O00194C0,1,-22.92034,-43.22725
2033O00192C0,1,-22.91844,-43.22488
5151O00332C0,1,-22.96115,-43.605619
5151O00331C0,1,-22.955962,-43.605263
5151O00281C9,1,-22.948386,-43.603851
5151O00244C9,1,-22.947266,-43.601608
5151O00243C9,1,-22.947165,-43.60078
5151O00242C0,1,-22.96171,-43.60902
5151O00241C0,1,-22.961647,-43.610817
5151O00240C9,1,-22.96149,-43.61228
5151O00239C9,1,-22.96459,-43.61869
5151O00219C0,1,-22.95581,-43.60536
5151O00218C0,1,-22.958117,-43.605095
2035O00080C0,1,-22.913877,-43.23094
16lj,1,-22.9148,-43.374925
7gvr,1,-22.990206,-43.321739
675m,1,-22.915564,-43.673643
5163O00002C9,1,-22.88239,-43.49566
5163O00001C9,1,-22.883206,-43.491003
2032O00018C0,1,-22.91353,-43.21589
2032O00017C0,1,-22.913557,-43.215314
2032O00001C0,1,-22.911486,-43.212072
2035O00066C0,1,-22.91351,-43.22771
2035O00056C0,1,-22.912646,-43.224783
2035O00042C0,1,-22.908756,-43.234655
2035O00019S0,1,-22.91365,-43.23451
2035O00002S0,1,-22.91533,-43.2325
2033O00246C0,1,-22.922176,-43.232577
2033O00245S0,1,-22.91739,-43.225
2033O00226C0,1,-22.916901,-43.229011
1011O00013C0,1,-22.900272,-43.24078
1011O00012C9,1,-22.900175,-43.234575
1011O00009C0,1,-22.904788,-43.240031
1011O00008C0,1,-22.905917,-43.239234
1011O00007C0,1,-22.907576,-43.237154
1011O00006C0,1,-22.908594,-43.234549
cukh,1,-22.829298,-43.410013
bjhm,1,-22.837118,-43.338903
bckb,1,-22.922181,-43.371595
bam4,1,-23.001087,-43.366157
axf5,1,-22.906693,-43.568287
1012O00048C0,1,-22.8894,-43.23482
1012O00047C0,1,-22.89102,-43.23681
1012O00039C0,1,-22.89788,-43.24049
1012O00038C0,1,-22.89556,-43.24011
1012O00037C0,1,-22.89406,-43.23986
1010O00137C0,1,-22.900754,-43.22366
1010O00096C0,1,-22.90518,-43.214246
1010O00083C0,1,-22.90383,-43.21625
1010O00075C0,1,-22.9025,-43.21814
fevs,1,-22.912336,-43.679322
f9ue,1,-22.8119,-43.360642
epai,1,-22.947527,-43.579502
e4x2,1,-22.90483,-43.356878
dxd7,1,-22.853977,-43.384031
dvwu,1,-22.916174,-43.225247
1012O00027C0,1,-22.89495,-43.24279
1012O00024C0,1,-22.89059,-43.23455
1012O00022C0,1,-22.892517,-43.236845
1012O00013C0,1,-22.891768,-43.240794
1012O00012C0,1,-22.890765,-43.242335
1012O00011C0,1,-22.890046,-43.244457
1010O00046C0,1,-22.90403,-43.22267
kski,1,-22.853836,-43.384374
jyra,1,-22.853826,-43.383814
jwsq,1,-23.001482,-43.365629
jknx,1,-22.915775,-43.671582
j89g,1,-23.001573,-43.366171
j1ff,1,-22.876437,-43.421069
ijp3,1,-22.876109,-43.420844
i5p2,1,-22.831067,-43.411096
hug3,1,-22.88904,-43.446599
gvwr,1,-22.915902,-43.378862
g2tn,1,-22.92427,-43.691044
1011O00004C0,1,-22.90265,-43.24098
1011O00003C0,1,-22.90883,-43.2332
1011O00002C0,1,-22.907884,-43.236917
1011O00001C0,1,-22.90138,-43.241176
vphs,1,-22.897995,-43.241305
uhwn,1,-22.903735,-43.566528
u5vq,1,-22.853888,-43.38424
teby,1,-22.854095,-43.383736
t9oc,1,-22.833221,-43.395625
sr5u,1,-22.833831,-43.408078
rpe4,1,-22.913698,-43.223074
r85t,1,-22.911068,-43.659178
1005O00135C0,1,-22.9099,-43.17701
1005O00125C0,1,-22.91183,-43.17866
1005O00218C0,1,-22.91051,-43.172587
1005O00260C0,1,-22.90957,-43.17046
1005O00257C0,1,-22.90873,-43.18033
1005O00255C0,1,-22.91239,-43.17652
1005O00234C0,1,-22.908392,-43.189263
1005O00231S0,1,-22.90864,-43.18772
5139O00062C9,1,-22.887022,-43.435841
5139O00057C9,1,-22.875147,-43.419456
5139O00056C9,1,-22.877932,-43.422899
5139O00036C9,1,-22.8821,-43.43984
5139O00035C9,1,-22.883918,-43.438152
5139O00034C9,1,-22.88557,-43.436769
5139O00033C9,1,-22.886879,-43.43583
5139O00032C9,1,-22.888788,-43.436847
5139O00031C9,1,-22.890763,-43.438717
5139O00030C9,1,-22.892677,-43.440533
5139O00029C0,1,-22.894091,-43.441889
5139O00028C9,1,-22.895444,-43.443137
z0ka,1,-22.965101,-43.647617
yj0z,1,-22.882102,-43.349994
x451,1,-22.885459,-43.40062
wpvn,1,-22.907724,-43.22974
